[23Aug2026 16:44:00.226] [main/INFO] [cpw.mods.modlauncher.Launcher/MODLAUNCHER]: ModLauncher running: args [--launchTarget, forgeserver, --fml.neoForgeVersion, 21.1.248, --fml.fmlVersion, 4.0.43, --fml.mcVersion, 1.21.1, --fml.neoFormVersion, 20240808.144430, nogui]
[23Aug2026 16:44:00.229] [main/INFO] [cpw.mods.modlauncher.Launcher/MODLAUNCHER]: JVM identified as Ubuntu OpenJDK 64-Bit Server VM 21.0.10+7-Ubuntu-124.04
[23Aug2026 16:44:00.231] [main/INFO] [cpw.mods.modlauncher.Launcher/MODLAUNCHER]: ModLauncher 11.0.5+main.901c6ea8 starting: java version 21.0.10 by Ubuntu; OS Linux arch amd64 version 6.8.0-1052-azure
[23Aug2026 16:44:01.137] [main/INFO] [net.neoforged.fml.loading.ImmediateWindowHandler/]: ImmediateWindowProvider not loading because launch target is forgeserver
[23Aug2026 16:44:01.221] [main/INFO] [mixin/]: SpongePowered MIXIN Subsystem Version=0.8.7 Source=union:/workspaces/mtgfresafiio/servidor_minecraft/libraries/net/fabricmc/sponge-mixin/0.15.2+mixin.0.8.7/sponge-mixin-0.15.2+mixin.0.8.7.jar%2373!/ Service=ModLauncher Env=SERVER
[23Aug2026 16:44:01.548] [main/INFO] [net.neoforged.fml.loading.moddiscovery.ModDiscoverer/SCAN]: Found mod file "server-1.21.1-20240808.144430-srg.jar" [locator: production server provider +net.neoforged:neoforge:21.1.248:server]
[23Aug2026 16:44:01.576] [main/INFO] [net.neoforged.fml.loading.moddiscovery.ModDiscoverer/SCAN]: Found mod file "neoforge-21.1.248-universal.jar" [locator: PathBasedLocator[name=neoforge, paths=[libraries/net/neoforged/neoforge/21.1.248/neoforge-21.1.248-universal.jar]], reader: mod manifest]
[23Aug2026 16:44:01.606] [main/INFO] [net.neoforged.fml.loading.moddiscovery.ModDiscoverer/SCAN]: Found mod file "[1.21.1] SecurityCraft v1.10.2.1.jar" [locator: {mods folder locator at /workspaces/mtgfresafiio/servidor_minecraft/mods}, reader: mod manifest]
[23Aug2026 16:44:01.609] [main/INFO] [net.neoforged.fml.loading.moddiscovery.ModDiscoverer/SCAN]: Found mod file "[neoforge]imst-2.2.1c.jar" [locator: {mods folder locator at /workspaces/mtgfresafiio/servidor_minecraft/mods}, reader: mod manifest]
[23Aug2026 16:44:01.613] [main/INFO] [net.neoforged.fml.loading.moddiscovery.ModDiscoverer/SCAN]: Found mod file "AdditionalStructures-1.21-(v.6.3.2-NEO).jar" [locator: {mods folder locator at /workspaces/mtgfresafiio/servidor_minecraft/mods}, reader: mod manifest]
[23Aug2026 16:44:01.622] [main/INFO] [net.neoforged.fml.loading.moddiscovery.ModDiscoverer/SCAN]: Found mod file "aether-1.21.1-1.5.10-neoforge.jar" [locator: {mods folder locator at /workspaces/mtgfresafiio/servidor_minecraft/mods}, reader: mod manifest]
[23Aug2026 16:44:01.625] [main/INFO] [net.neoforged.fml.loading.moddiscovery.ModDiscoverer/SCAN]: Found mod file "alex-mobs-tweaks-omni-1.3.0.jar" [locator: {mods folder locator at /workspaces/mtgfresafiio/servidor_minecraft/mods}, reader: mod manifest]
[23Aug2026 16:44:01.632] [main/INFO] [net.neoforged.fml.loading.moddiscovery.ModDiscoverer/SCAN]: Found mod file "alexscaves-2.0.10.jar" [locator: {mods folder locator at /workspaces/mtgfresafiio/servidor_minecraft/mods}, reader: mod manifest]
[23Aug2026 16:44:01.637] [main/INFO] [net.neoforged.fml.loading.moddiscovery.ModDiscoverer/SCAN]: Found mod file "alexsmobs-2.1.6-neoforge+1.21.1.jar" [locator: {mods folder locator at /workspaces/mtgfresafiio/servidor_minecraft/mods}, reader: mod manifest]
[23Aug2026 16:44:01.648] [main/INFO] [net.neoforged.fml.loading.moddiscovery.ModDiscoverer/SCAN]: Found mod file "alltheleaks-1.1.12+1.21.1-neoforge.jar" [locator: {mods folder locator at /workspaces/mtgfresafiio/servidor_minecraft/mods}, reader: mod manifest]
[23Aug2026 16:44:01.652] [main/INFO] [net.neoforged.fml.loading.moddiscovery.ModDiscoverer/SCAN]: Found mod file "architectury-13.0.11-neoforge.jar" [locator: {mods folder locator at /workspaces/mtgfresafiio/servidor_minecraft/mods}, reader: mod manifest]
[23Aug2026 16:44:01.657] [main/INFO] [net.neoforged.fml.loading.moddiscovery.ModDiscoverer/SCAN]: Found mod file "astikorcartsredux-1.2.4.jar" [locator: {mods folder locator at /workspaces/mtgfresafiio/servidor_minecraft/mods}, reader: mod manifest]
[23Aug2026 16:44:01.663] [main/INFO] [net.neoforged.fml.loading.moddiscovery.ModDiscoverer/SCAN]: Found mod file "ATi Structures V1.4.6.jar" [locator: {mods folder locator at /workspaces/mtgfresafiio/servidor_minecraft/mods}, reader: mod manifest]
[23Aug2026 16:44:01.668] [main/INFO] [net.neoforged.fml.loading.moddiscovery.ModDiscoverer/SCAN]: Found mod file "autumnity-1.21.1-6.0.1.jar" [locator: {mods folder locator at /workspaces/mtgfresafiio/servidor_minecraft/mods}, reader: mod manifest]
[23Aug2026 16:44:01.670] [main/INFO] [net.neoforged.fml.loading.moddiscovery.ModDiscoverer/SCAN]: Found mod file "belts-neoforge-0.2.2.jar" [locator: {mods folder locator at /workspaces/mtgfresafiio/servidor_minecraft/mods}, reader: mod manifest]
[23Aug2026 16:44:01.673] [main/INFO] [net.neoforged.fml.loading.moddiscovery.ModDiscoverer/SCAN]: Found mod file "BlockPops - Neoforge - 1.21.1-1.5.0.jar" [locator: {mods folder locator at /workspaces/mtgfresafiio/servidor_minecraft/mods}, reader: mod manifest]
[23Aug2026 16:44:01.675] [main/INFO] [net.neoforged.fml.loading.moddiscovery.ModDiscoverer/SCAN]: Found mod file "blueprint-1.21.1-8.1.1.jar" [locator: {mods folder locator at /workspaces/mtgfresafiio/servidor_minecraft/mods}, reader: mod manifest]
[23Aug2026 16:44:01.678] [main/INFO] [net.neoforged.fml.loading.moddiscovery.ModDiscoverer/SCAN]: Found mod file "bogos_binted-1.3.0-neoforge-1.21.1.jar" [locator: {mods folder locator at /workspaces/mtgfresafiio/servidor_minecraft/mods}, reader: mod manifest]
[23Aug2026 16:44:01.680] [main/INFO] [net.neoforged.fml.loading.moddiscovery.ModDiscoverer/SCAN]: Found mod file "bookshelf-neoforge-1.21.1-21.1.81.jar" [locator: {mods folder locator at /workspaces/mtgfresafiio/servidor_minecraft/mods}, reader: mod manifest]
[23Aug2026 16:44:01.684] [main/INFO] [net.neoforged.fml.loading.moddiscovery.ModDiscoverer/SCAN]: Found mod file "c2me-neoforge-mc1.21.1-0.4.0-alpha.0.120.jar" [locator: {mods folder locator at /workspaces/mtgfresafiio/servidor_minecraft/mods}, reader: mod manifest]
[23Aug2026 16:44:01.686] [main/INFO] [net.neoforged.fml.loading.moddiscovery.ModDiscoverer/SCAN]: Found mod file "charmofundying-neoforge-9.1.0+1.21.1.jar" [locator: {mods folder locator at /workspaces/mtgfresafiio/servidor_minecraft/mods}, reader: mod manifest]
[23Aug2026 16:44:01.689] [main/INFO] [net.neoforged.fml.loading.moddiscovery.ModDiscoverer/SCAN]: Found mod file "chunksending-1.21-3.7.jar" [locator: {mods folder locator at /workspaces/mtgfresafiio/servidor_minecraft/mods}, reader: mod manifest]
[23Aug2026 16:44:01.691] [main/INFO] [net.neoforged.fml.loading.moddiscovery.ModDiscoverer/SCAN]: Found mod file "Chunky-NeoForge-1.4.23.jar" [locator: {mods folder locator at /workspaces/mtgfresafiio/servidor_minecraft/mods}, reader: mod manifest]
[23Aug2026 16:44:01.696] [main/INFO] [net.neoforged.fml.loading.moddiscovery.ModDiscoverer/SCAN]: Found mod file "citadel-1.21.1-2.7.6.jar" [locator: {mods folder locator at /workspaces/mtgfresafiio/servidor_minecraft/mods}, reader: mod manifest]
[23Aug2026 16:44:01.700] [main/INFO] [net.neoforged.fml.loading.moddiscovery.ModDiscoverer/SCAN]: Found mod file "cloth-config-15.0.140-neoforge.jar" [locator: {mods folder locator at /workspaces/mtgfresafiio/servidor_minecraft/mods}, reader: mod manifest]
[23Aug2026 16:44:01.703] [main/INFO] [net.neoforged.fml.loading.moddiscovery.ModDiscoverer/SCAN]: Found mod file "codxlib-1.5.0-neoforge+1.21.1.jar" [locator: {mods folder locator at /workspaces/mtgfresafiio/servidor_minecraft/mods}, reader: mod manifest]
[23Aug2026 16:44:01.706] [main/INFO] [net.neoforged.fml.loading.moddiscovery.ModDiscoverer/SCAN]: Found mod file "connectivity-1.21.1-7.6.jar" [locator: {mods folder locator at /workspaces/mtgfresafiio/servidor_minecraft/mods}, reader: mod manifest]
[23Aug2026 16:44:01.711] [main/INFO] [net.neoforged.fml.loading.moddiscovery.ModDiscoverer/SCAN]: Found mod file "cosmeticarmorreworked-1.21.1-v1-neoforge.jar" [locator: {mods folder locator at /workspaces/mtgfresafiio/servidor_minecraft/mods}, reader: mod manifest]
[23Aug2026 16:44:01.713] [main/INFO] [net.neoforged.fml.loading.moddiscovery.ModDiscoverer/SCAN]: Found mod file "crashexploitfixer-neoforge-2.0.0+1.21.4.jar" [locator: {mods folder locator at /workspaces/mtgfresafiio/servidor_minecraft/mods}, reader: mod manifest]
[23Aug2026 16:44:01.716] [main/INFO] [net.neoforged.fml.loading.moddiscovery.ModDiscoverer/SCAN]: Found mod file "CreativeCore_NEOFORGE_v2.13.44_mc1.21.1.jar" [locator: {mods folder locator at /workspaces/mtgfresafiio/servidor_minecraft/mods}, reader: mod manifest]
[23Aug2026 16:44:01.718] [main/INFO] [net.neoforged.fml.loading.moddiscovery.ModDiscoverer/SCAN]: Found mod file "cristellib-neoforge-1.21.1-3.1.7.jar" [locator: {mods folder locator at /workspaces/mtgfresafiio/servidor_minecraft/mods}, reader: mod manifest]
[23Aug2026 16:44:01.722] [main/INFO] [net.neoforged.fml.loading.moddiscovery.ModDiscoverer/SCAN]: Found mod file "crittersandcompanions-neoforge-1.21.1-2.7.0.jar" [locator: {mods folder locator at /workspaces/mtgfresafiio/servidor_minecraft/mods}, reader: mod manifest]
[23Aug2026 16:44:01.724] [main/INFO] [net.neoforged.fml.loading.moddiscovery.ModDiscoverer/SCAN]: Found mod file "cupboard-1.21.1-4.0.jar" [locator: {mods folder locator at /workspaces/mtgfresafiio/servidor_minecraft/mods}, reader: mod manifest]
[23Aug2026 16:44:01.726] [main/INFO] [net.neoforged.fml.loading.moddiscovery.ModDiscoverer/SCAN]: Found mod file "curios-neoforge-9.5.1+1.21.1.jar" [locator: {mods folder locator at /workspaces/mtgfresafiio/servidor_minecraft/mods}, reader: mod manifest]
[23Aug2026 16:44:01.730] [main/INFO] [net.neoforged.fml.loading.moddiscovery.ModDiscoverer/SCAN]: Found mod file "deeperdarker-neoforge-1.21.1-1.4.1.jar" [locator: {mods folder locator at /workspaces/mtgfresafiio/servidor_minecraft/mods}, reader: mod manifest]
[23Aug2026 16:44:01.732] [main/INFO] [net.neoforged.fml.loading.moddiscovery.ModDiscoverer/SCAN]: Found mod file "despawntweaker-1.21.1-NeoForge-1.0.0.jar" [locator: {mods folder locator at /workspaces/mtgfresafiio/servidor_minecraft/mods}, reader: mod manifest]
[23Aug2026 16:44:01.735] [main/INFO] [net.neoforged.fml.loading.moddiscovery.ModDiscoverer/SCAN]: Found mod file "doespotatotick-1.21.1-5.6.4.jar" [locator: {mods folder locator at /workspaces/mtgfresafiio/servidor_minecraft/mods}, reader: mod manifest]
[23Aug2026 16:44:01.742] [main/INFO] [net.neoforged.fml.loading.moddiscovery.ModDiscoverer/SCAN]: Found mod file "DungeonCrawl-NeoForge-1.21-2.3.17.jar" [locator: {mods folder locator at /workspaces/mtgfresafiio/servidor_minecraft/mods}, reader: mod manifest]
[23Aug2026 16:44:01.751] [main/INFO] [net.neoforged.fml.loading.moddiscovery.ModDiscoverer/SCAN]: Found mod file "dungeons-and-taverns-v4.4.4 [NeoForge].jar" [locator: {mods folder locator at /workspaces/mtgfresafiio/servidor_minecraft/mods}, reader: mod manifest]
[23Aug2026 16:44:01.755] [main/INFO] [net.neoforged.fml.loading.moddiscovery.ModDiscoverer/SCAN]: Found mod file "DungeonsArise-1.21.1-2.1.68-release.jar" [locator: {mods folder locator at /workspaces/mtgfresafiio/servidor_minecraft/mods}, reader: mod manifest]
[23Aug2026 16:44:01.758] [main/INFO] [net.neoforged.fml.loading.moddiscovery.ModDiscoverer/SCAN]: Found mod file "DungeonsAriseSevenSeas-1.21.x-1.0.4-neoforge.jar" [locator: {mods folder locator at /workspaces/mtgfresafiio/servidor_minecraft/mods}, reader: mod manifest]
[23Aug2026 16:44:01.760] [main/INFO] [net.neoforged.fml.loading.moddiscovery.ModDiscoverer/SCAN]: Found mod file "duplicationless-1.21.1-1.2.1.jar" [locator: {mods folder locator at /workspaces/mtgfresafiio/servidor_minecraft/mods}, reader: mod manifest]
[23Aug2026 16:44:01.762] [main/INFO] [net.neoforged.fml.loading.moddiscovery.ModDiscoverer/SCAN]: Found mod file "EasyAnvils-v21.1.0-1.21.1-NeoForge.jar" [locator: {mods folder locator at /workspaces/mtgfresafiio/servidor_minecraft/mods}, reader: mod manifest]
[23Aug2026 16:44:01.764] [main/INFO] [net.neoforged.fml.loading.moddiscovery.ModDiscoverer/SCAN]: Found mod file "EasyMagic-v21.1.4-1.21.1-NeoForge.jar" [locator: {mods folder locator at /workspaces/mtgfresafiio/servidor_minecraft/mods}, reader: mod manifest]
[23Aug2026 16:44:01.766] [main/INFO] [net.neoforged.fml.loading.moddiscovery.ModDiscoverer/SCAN]: Found mod file "echoes_of_the_end__structures NeoForge Fabric 1.21.1 -12.00.13.jar" [locator: {mods folder locator at /workspaces/mtgfresafiio/servidor_minecraft/mods}, reader: mod manifest]
[23Aug2026 16:44:01.768] [main/INFO] [net.neoforged.fml.loading.moddiscovery.ModDiscoverer/SCAN]: Found mod file "ecologics-1.21.1-2.3.7.jar" [locator: {mods folder locator at /workspaces/mtgfresafiio/servidor_minecraft/mods}, reader: mod manifest]
[23Aug2026 16:44:01.770] [main/INFO] [net.neoforged.fml.loading.moddiscovery.ModDiscoverer/SCAN]: Found mod file "ElysiumAPI-1.21.1-2.0.0.jar" [locator: {mods folder locator at /workspaces/mtgfresafiio/servidor_minecraft/mods}, reader: mod manifest]
[23Aug2026 16:44:01.773] [main/INFO] [net.neoforged.fml.loading.moddiscovery.ModDiscoverer/SCAN]: Found mod file "emotecraft-for-MC1.21.1-2.4.12-neoforge.jar" [locator: {mods folder locator at /workspaces/mtgfresafiio/servidor_minecraft/mods}, reader: mod manifest]
[23Aug2026 16:44:01.775] [main/INFO] [net.neoforged.fml.loading.moddiscovery.ModDiscoverer/SCAN]: Found mod file "enchdesc-neoforge-1.21.1-21.1.11.jar" [locator: {mods folder locator at /workspaces/mtgfresafiio/servidor_minecraft/mods}, reader: mod manifest]
[23Aug2026 16:44:01.785] [main/INFO] [net.neoforged.fml.loading.moddiscovery.ModDiscoverer/SCAN]: Found mod file "enderscape-neoforge-1.0.9+mc1.21.1.jar" [locator: {mods folder locator at /workspaces/mtgfresafiio/servidor_minecraft/mods}, reader: mod manifest]
[23Aug2026 16:44:01.791] [main/INFO] [net.neoforged.fml.loading.moddiscovery.ModDiscoverer/SCAN]: Found mod file "endrem-neoforge-1.21.1-6.3.0.jar" [locator: {mods folder locator at /workspaces/mtgfresafiio/servidor_minecraft/mods}, reader: mod manifest]
[23Aug2026 16:44:01.794] [main/INFO] [net.neoforged.fml.loading.moddiscovery.ModDiscoverer/SCAN]: Found mod file "ends_delight-2.6.1+neoforge.1.21.1.jar" [locator: {mods folder locator at /workspaces/mtgfresafiio/servidor_minecraft/mods}, reader: mod manifest]
[23Aug2026 16:44:01.797] [main/INFO] [net.neoforged.fml.loading.moddiscovery.ModDiscoverer/SCAN]: Found mod file "etched-5.1.0.jar" [locator: {mods folder locator at /workspaces/mtgfresafiio/servidor_minecraft/mods}, reader: mod manifest]
[23Aug2026 16:44:01.800] [main/INFO] [net.neoforged.fml.loading.moddiscovery.ModDiscoverer/SCAN]: Found mod file "extra_dungeons-1.0.7-neoforge-1.21.1.jar" [locator: {mods folder locator at /workspaces/mtgfresafiio/servidor_minecraft/mods}, reader: mod manifest]
[23Aug2026 16:44:01.802] [main/INFO] [net.neoforged.fml.loading.moddiscovery.ModDiscoverer/SCAN]: Found mod file "faewulf_lib-neoforge-1.21.1-1.4.0.jar" [locator: {mods folder locator at /workspaces/mtgfresafiio/servidor_minecraft/mods}, reader: mod manifest]
[23Aug2026 16:44:01.808] [main/INFO] [net.neoforged.fml.loading.moddiscovery.ModDiscoverer/SCAN]: Found mod file "FarmersDelight-1.21.1-1.3.3.jar" [locator: {mods folder locator at /workspaces/mtgfresafiio/servidor_minecraft/mods}, reader: mod manifest]
[23Aug2026 16:44:01.811] [main/INFO] [net.neoforged.fml.loading.moddiscovery.ModDiscoverer/SCAN]: Found mod file "FarmersStructures-1.0.6-1.21.1_neoforge.jar" [locator: {mods folder locator at /workspaces/mtgfresafiio/servidor_minecraft/mods}, reader: mod manifest]
[23Aug2026 16:44:01.813] [main/INFO] [net.neoforged.fml.loading.moddiscovery.ModDiscoverer/SCAN]: Found mod file "fastasyncworldsave-1.21-2.6.jar" [locator: {mods folder locator at /workspaces/mtgfresafiio/servidor_minecraft/mods}, reader: mod manifest]
[23Aug2026 16:44:01.815] [main/INFO] [net.neoforged.fml.loading.moddiscovery.ModDiscoverer/SCAN]: Found mod file "FastItemFrames-v21.1.6-1.21.1-NeoForge.jar" [locator: {mods folder locator at /workspaces/mtgfresafiio/servidor_minecraft/mods}, reader: mod manifest]
[23Aug2026 16:44:01.830] [main/INFO] [net.neoforged.fml.loading.moddiscovery.ModDiscoverer/SCAN]: Found mod file "fastpaintings-1.21-1.3.0-neoforge.jar" [locator: {mods folder locator at /workspaces/mtgfresafiio/servidor_minecraft/mods}, reader: mod manifest]
[23Aug2026 16:44:01.832] [main/INFO] [net.neoforged.fml.loading.moddiscovery.ModDiscoverer/SCAN]: Found mod file "FazRoleplayClothes-Neo1.21.1-1.6.1.jar" [locator: {mods folder locator at /workspaces/mtgfresafiio/servidor_minecraft/mods}, reader: mod manifest]
[23Aug2026 16:44:01.837] [main/INFO] [net.neoforged.fml.loading.moddiscovery.ModDiscoverer/SCAN]: Found mod file "fdlib-1.0.8-1.21.1.jar" [locator: {mods folder locator at /workspaces/mtgfresafiio/servidor_minecraft/mods}, reader: mod manifest]
[23Aug2026 16:44:01.845] [main/INFO] [net.neoforged.fml.loading.moddiscovery.ModDiscoverer/SCAN]: Found mod file "ferritecore-7.0.3-neoforge.jar" [locator: {mods folder locator at /workspaces/mtgfresafiio/servidor_minecraft/mods}, reader: mod manifest]
[23Aug2026 16:44:01.848] [main/INFO] [net.neoforged.fml.loading.moddiscovery.ModDiscoverer/SCAN]: Found mod file "fetzisdisplays-neoforge-1.1.1-1.21.jar" [locator: {mods folder locator at /workspaces/mtgfresafiio/servidor_minecraft/mods}, reader: mod manifest]
[23Aug2026 16:44:01.851] [main/INFO] [net.neoforged.fml.loading.moddiscovery.ModDiscoverer/SCAN]: Found mod file "formations-1.0.4-neoforge-mc1.21.jar" [locator: {mods folder locator at /workspaces/mtgfresafiio/servidor_minecraft/mods}, reader: mod manifest]
[23Aug2026 16:44:01.853] [main/INFO] [net.neoforged.fml.loading.moddiscovery.ModDiscoverer/SCAN]: Found mod file "formationsnether-1.0.5a-mc1.21+.jar" [locator: {mods folder locator at /workspaces/mtgfresafiio/servidor_minecraft/mods}, reader: mod manifest]
[23Aug2026 16:44:01.854] [main/INFO] [net.neoforged.fml.loading.moddiscovery.ModDiscoverer/SCAN]: Found mod file "framework-neoforge-1.21.1-0.13.11.jar" [locator: {mods folder locator at /workspaces/mtgfresafiio/servidor_minecraft/mods}, reader: mod manifest]
[23Aug2026 16:44:01.857] [main/INFO] [net.neoforged.fml.loading.moddiscovery.ModDiscoverer/SCAN]: Found mod file "furnitury-3.0808-neoforge-1.21.1.jar" [locator: {mods folder locator at /workspaces/mtgfresafiio/servidor_minecraft/mods}, reader: mod manifest]
[23Aug2026 16:44:01.863] [main/INFO] [net.neoforged.fml.loading.moddiscovery.ModDiscoverer/SCAN]: Found mod file "fzzy_config-0.7.6+1.21+neoforge.jar" [locator: {mods folder locator at /workspaces/mtgfresafiio/servidor_minecraft/mods}, reader: mod manifest]
[23Aug2026 16:44:01.865] [main/INFO] [net.neoforged.fml.loading.moddiscovery.ModDiscoverer/SCAN]: Found mod file "gbf-1.21.1-1.0.2.jar" [locator: {mods folder locator at /workspaces/mtgfresafiio/servidor_minecraft/mods}, reader: mod manifest]
[23Aug2026 16:44:01.867] [main/INFO] [net.neoforged.fml.loading.moddiscovery.ModDiscoverer/SCAN]: Found mod file "geckolib-neoforge-1.21.1-4.9.2.jar" [locator: {mods folder locator at /workspaces/mtgfresafiio/servidor_minecraft/mods}, reader: mod manifest]
[23Aug2026 16:44:01.871] [main/INFO] [net.neoforged.fml.loading.moddiscovery.ModDiscoverer/SCAN]: Found mod file "Geophilic v3.6.mod.jar" [locator: {mods folder locator at /workspaces/mtgfresafiio/servidor_minecraft/mods}, reader: mod manifest]
[23Aug2026 16:44:01.874] [main/INFO] [net.neoforged.fml.loading.moddiscovery.ModDiscoverer/SCAN]: Found mod file "ghosts-neoforge-1.21.1-1.3.4.jar" [locator: {mods folder locator at /workspaces/mtgfresafiio/servidor_minecraft/mods}, reader: mod manifest]
[23Aug2026 16:44:01.876] [main/INFO] [net.neoforged.fml.loading.moddiscovery.ModDiscoverer/SCAN]: Found mod file "Gobber-NeoForge-1.21.1-2.10.15.jar" [locator: {mods folder locator at /workspaces/mtgfresafiio/servidor_minecraft/mods}, reader: mod manifest]
[23Aug2026 16:44:01.877] [main/INFO] [net.neoforged.fml.loading.moddiscovery.ModDiscoverer/SCAN]: Found mod file "Hearths v1.0.5.mod.jar" [locator: {mods folder locator at /workspaces/mtgfresafiio/servidor_minecraft/mods}, reader: mod manifest]
[23Aug2026 16:44:01.879] [main/INFO] [net.neoforged.fml.loading.moddiscovery.ModDiscoverer/SCAN]: Found mod file "HellishTrials-neoforge-1.0.5.jar" [locator: {mods folder locator at /workspaces/mtgfresafiio/servidor_minecraft/mods}, reader: mod manifest]
[23Aug2026 16:44:01.882] [main/INFO] [net.neoforged.fml.loading.moddiscovery.ModDiscoverer/SCAN]: Found mod file "hominid-1.3.4.jar" [locator: {mods folder locator at /workspaces/mtgfresafiio/servidor_minecraft/mods}, reader: mod manifest]
[23Aug2026 16:44:01.883] [main/INFO] [net.neoforged.fml.loading.moddiscovery.ModDiscoverer/SCAN]: Found mod file "HopoBetterRuinedPortals-[1.21.1-1.21.3]-1.4.4b.jar" [locator: {mods folder locator at /workspaces/mtgfresafiio/servidor_minecraft/mods}, reader: mod manifest]
[23Aug2026 16:44:01.885] [main/INFO] [net.neoforged.fml.loading.moddiscovery.ModDiscoverer/SCAN]: Found mod file "immersive_aircraft-1.4.6+1.21.1-neoforge.jar" [locator: {mods folder locator at /workspaces/mtgfresafiio/servidor_minecraft/mods}, reader: mod manifest]
[23Aug2026 16:44:01.888] [main/INFO] [net.neoforged.fml.loading.moddiscovery.ModDiscoverer/SCAN]: Found mod file "Incendium_1.21.x_v5.4.4.jar" [locator: {mods folder locator at /workspaces/mtgfresafiio/servidor_minecraft/mods}, reader: mod manifest]
[23Aug2026 16:44:01.892] [main/INFO] [net.neoforged.fml.loading.moddiscovery.ModDiscoverer/SCAN]: Found mod file "Jadens-Nether-Expansion-2.4.0.jar" [locator: {mods folder locator at /workspaces/mtgfresafiio/servidor_minecraft/mods}, reader: mod manifest]
[23Aug2026 16:44:01.894] [main/INFO] [net.neoforged.fml.loading.moddiscovery.ModDiscoverer/SCAN]: Found mod file "jei-1.21.1-neoforge-19.27.0.340-async-10.jar" [locator: {mods folder locator at /workspaces/mtgfresafiio/servidor_minecraft/mods}, reader: mod manifest]
[23Aug2026 16:44:01.895] [main/INFO] [net.neoforged.fml.loading.moddiscovery.ModDiscoverer/SCAN]: Found mod file "jungle_treehouse_village-1.0.0-neoforge-1.21.1.jar" [locator: {mods folder locator at /workspaces/mtgfresafiio/servidor_minecraft/mods}, reader: mod manifest]
[23Aug2026 16:44:01.897] [main/INFO] [net.neoforged.fml.loading.moddiscovery.ModDiscoverer/SCAN]: Found mod file "just_in_nether-1.1.8-neoforge-1.21.1.jar" [locator: {mods folder locator at /workspaces/mtgfresafiio/servidor_minecraft/mods}, reader: mod manifest]
[23Aug2026 16:44:01.899] [main/INFO] [net.neoforged.fml.loading.moddiscovery.ModDiscoverer/SCAN]: Found mod file "kaleidoscopetavern-1.2.0-neoforge+mc1.21.1.jar" [locator: {mods folder locator at /workspaces/mtgfresafiio/servidor_minecraft/mods}, reader: mod manifest]
[23Aug2026 16:44:01.901] [main/INFO] [net.neoforged.fml.loading.moddiscovery.ModDiscoverer/SCAN]: Found mod file "Kiwi-1.21.1-NeoForge-15.8.7.jar" [locator: {mods folder locator at /workspaces/mtgfresafiio/servidor_minecraft/mods}, reader: mod manifest]
[23Aug2026 16:44:01.903] [main/INFO] [net.neoforged.fml.loading.moddiscovery.ModDiscoverer/SCAN]: Found mod file "knightlib-neoforge-1.21.1-1.6.1.jar" [locator: {mods folder locator at /workspaces/mtgfresafiio/servidor_minecraft/mods}, reader: mod manifest]
[23Aug2026 16:44:01.905] [main/INFO] [net.neoforged.fml.loading.moddiscovery.ModDiscoverer/SCAN]: Found mod file "knightquest-neoforge-1.21.1-1.9.3.jar" [locator: {mods folder locator at /workspaces/mtgfresafiio/servidor_minecraft/mods}, reader: mod manifest]
[23Aug2026 16:44:01.907] [main/INFO] [net.neoforged.fml.loading.moddiscovery.ModDiscoverer/SCAN]: Found library file "kotlinforforge-5.12.0-all.jar" [locator: {mods folder locator at /workspaces/mtgfresafiio/servidor_minecraft/mods}, reader: mod manifest]
[23Aug2026 16:44:01.910] [main/INFO] [net.neoforged.fml.loading.moddiscovery.ModDiscoverer/SCAN]: Found mod file "krypton_fnp-neoforge-1.21.1-0.2.28.1-1.21.1.jar" [locator: {mods folder locator at /workspaces/mtgfresafiio/servidor_minecraft/mods}, reader: mod manifest]
[23Aug2026 16:44:01.911] [main/INFO] [net.neoforged.fml.loading.moddiscovery.ModDiscoverer/SCAN]: Found mod file "Ksyxis-1.4.3.jar" [locator: {mods folder locator at /workspaces/mtgfresafiio/servidor_minecraft/mods}, reader: mod manifest]
[23Aug2026 16:44:01.912] [main/INFO] [net.neoforged.fml.loading.moddiscovery.ModDiscoverer/SCAN]: Found mod file "leaky-1.21-2.4.jar" [locator: {mods folder locator at /workspaces/mtgfresafiio/servidor_minecraft/mods}, reader: mod manifest]
[23Aug2026 16:44:01.915] [main/INFO] [net.neoforged.fml.loading.moddiscovery.ModDiscoverer/SCAN]: Found mod file "letsdo-farm_and_charm-neoforge-1.1.23.jar" [locator: {mods folder locator at /workspaces/mtgfresafiio/servidor_minecraft/mods}, reader: mod manifest]
[23Aug2026 16:44:01.917] [main/INFO] [net.neoforged.fml.loading.moddiscovery.ModDiscoverer/SCAN]: Found mod file "letsdo-meadow-neoforge-1.4.8.jar" [locator: {mods folder locator at /workspaces/mtgfresafiio/servidor_minecraft/mods}, reader: mod manifest]
[23Aug2026 16:44:01.920] [main/INFO] [net.neoforged.fml.loading.moddiscovery.ModDiscoverer/SCAN]: Found mod file "letsdo-vinery-neoforge-1.5.3.jar" [locator: {mods folder locator at /workspaces/mtgfresafiio/servidor_minecraft/mods}, reader: mod manifest]
[23Aug2026 16:44:01.922] [main/INFO] [net.neoforged.fml.loading.moddiscovery.ModDiscoverer/SCAN]: Found mod file "limitedchunks-1.21-4.1.jar" [locator: {mods folder locator at /workspaces/mtgfresafiio/servidor_minecraft/mods}, reader: mod manifest]
[23Aug2026 16:44:01.924] [main/INFO] [net.neoforged.fml.loading.moddiscovery.ModDiscoverer/SCAN]: Found mod file "lithostitched-1.8.0+beta4-neoforge-21.1.jar" [locator: {mods folder locator at /workspaces/mtgfresafiio/servidor_minecraft/mods}, reader: mod manifest]
[23Aug2026 16:44:01.926] [main/INFO] [net.neoforged.fml.loading.moddiscovery.ModDiscoverer/SCAN]: Found mod file "lodestone-1.21.1-1.8.2.jar" [locator: {mods folder locator at /workspaces/mtgfresafiio/servidor_minecraft/mods}, reader: mod manifest]
[23Aug2026 16:44:01.930] [main/INFO] [net.neoforged.fml.loading.moddiscovery.ModDiscoverer/SCAN]: Found mod file "lootr-neoforge-1.21.1-1.11.38.124.jar" [locator: {mods folder locator at /workspaces/mtgfresafiio/servidor_minecraft/mods}, reader: mod manifest]
[23Aug2026 16:44:01.932] [main/INFO] [net.neoforged.fml.loading.moddiscovery.ModDiscoverer/SCAN]: Found mod file "luckyswardrobe-2.0.0.jar" [locator: {mods folder locator at /workspaces/mtgfresafiio/servidor_minecraft/mods}, reader: mod manifest]
[23Aug2026 16:44:01.938] [main/INFO] [net.neoforged.fml.loading.moddiscovery.ModDiscoverer/SCAN]: Found mod file "LuminousNetherV1.3.3 0 NeoForge 1.21.1.jar" [locator: {mods folder locator at /workspaces/mtgfresafiio/servidor_minecraft/mods}, reader: mod manifest]
[23Aug2026 16:44:01.940] [main/INFO] [net.neoforged.fml.loading.moddiscovery.ModDiscoverer/SCAN]: Found mod file "medieval_buildings-1.21.1-1.1.1-neoforge.jar" [locator: {mods folder locator at /workspaces/mtgfresafiio/servidor_minecraft/mods}, reader: mod manifest]
[23Aug2026 16:44:01.942] [main/INFO] [net.neoforged.fml.loading.moddiscovery.ModDiscoverer/SCAN]: Found mod file "medieval_buildings_end_edition-1.21.1-1.0.4-neoforge.jar" [locator: {mods folder locator at /workspaces/mtgfresafiio/servidor_minecraft/mods}, reader: mod manifest]
[23Aug2026 16:44:01.944] [main/INFO] [net.neoforged.fml.loading.moddiscovery.ModDiscoverer/SCAN]: Found mod file "medieval_buildings_nether_edition-1.21.1-1.0.2-neoforge.jar" [locator: {mods folder locator at /workspaces/mtgfresafiio/servidor_minecraft/mods}, reader: mod manifest]
[23Aug2026 16:44:01.946] [main/INFO] [net.neoforged.fml.loading.moddiscovery.ModDiscoverer/SCAN]: Found mod file "mighty_mail-neoforge-1.21.1-1.1.4.jar" [locator: {mods folder locator at /workspaces/mtgfresafiio/servidor_minecraft/mods}, reader: mod manifest]
[23Aug2026 16:44:01.947] [main/INFO] [net.neoforged.fml.loading.moddiscovery.ModDiscoverer/SCAN]: Found mod file "minopp-1.4.0+1.21.1+neoforge.jar" [locator: {mods folder locator at /workspaces/mtgfresafiio/servidor_minecraft/mods}, reader: mod manifest]
[23Aug2026 16:44:01.951] [main/INFO] [net.neoforged.fml.loading.moddiscovery.ModDiscoverer/SCAN]: Found mod file "modernfix-neoforge-5.27.20+mc1.21.1.jar" [locator: {mods folder locator at /workspaces/mtgfresafiio/servidor_minecraft/mods}, reader: mod manifest]
[23Aug2026 16:44:01.953] [main/INFO] [net.neoforged.fml.loading.moddiscovery.ModDiscoverer/SCAN]: Found mod file "MoogsEndStructures-1.21-2.0.3.jar" [locator: {mods folder locator at /workspaces/mtgfresafiio/servidor_minecraft/mods}, reader: mod manifest]
[23Aug2026 16:44:01.957] [main/INFO] [net.neoforged.fml.loading.moddiscovery.ModDiscoverer/SCAN]: Found mod file "MoogsNetherStructures-1.21-3.0.0.jar" [locator: {mods folder locator at /workspaces/mtgfresafiio/servidor_minecraft/mods}, reader: mod manifest]
[23Aug2026 16:44:01.959] [main/INFO] [net.neoforged.fml.loading.moddiscovery.ModDiscoverer/SCAN]: Found mod file "MoogsStructureLib-neoforge-1.21.1-3.1.1.jar" [locator: {mods folder locator at /workspaces/mtgfresafiio/servidor_minecraft/mods}, reader: mod manifest]
[23Aug2026 16:44:01.963] [main/INFO] [net.neoforged.fml.loading.moddiscovery.ModDiscoverer/SCAN]: Found mod file "moonlight-1.21.1-3.4.1-neoforge.jar" [locator: {mods folder locator at /workspaces/mtgfresafiio/servidor_minecraft/mods}, reader: mod manifest]
[23Aug2026 16:44:01.965] [main/INFO] [net.neoforged.fml.loading.moddiscovery.ModDiscoverer/SCAN]: Found mod file "mowziesmobs-1.21.1-1.8.2.jar" [locator: {mods folder locator at /workspaces/mtgfresafiio/servidor_minecraft/mods}, reader: mod manifest]
[23Aug2026 16:44:01.970] [main/INFO] [net.neoforged.fml.loading.moddiscovery.ModDiscoverer/SCAN]: Found mod file "MyNethersDelight-1.21.1-1.10.4.jar" [locator: {mods folder locator at /workspaces/mtgfresafiio/servidor_minecraft/mods}, reader: mod manifest]
[23Aug2026 16:44:01.984] [main/INFO] [net.neoforged.fml.loading.moddiscovery.ModDiscoverer/SCAN]: Found mod file "mythrais-5.0.3-1.21.1-neo-beta5.jar" [locator: {mods folder locator at /workspaces/mtgfresafiio/servidor_minecraft/mods}, reader: mod manifest]
[23Aug2026 16:44:01.987] [main/INFO] [net.neoforged.fml.loading.moddiscovery.ModDiscoverer/SCAN]: Found mod file "naturalist-2.0.3-neoforge-1.21.1.jar" [locator: {mods folder locator at /workspaces/mtgfresafiio/servidor_minecraft/mods}, reader: mod manifest]
[23Aug2026 16:44:01.989] [main/INFO] [net.neoforged.fml.loading.moddiscovery.ModDiscoverer/SCAN]: Found mod file "nether-s-exoticism-1.21.1-1.2.9.jar" [locator: {mods folder locator at /workspaces/mtgfresafiio/servidor_minecraft/mods}, reader: mod manifest]
[23Aug2026 16:44:01.991] [main/INFO] [net.neoforged.fml.loading.moddiscovery.ModDiscoverer/SCAN]: Found mod file "no-collision-0.1.jar" [locator: {mods folder locator at /workspaces/mtgfresafiio/servidor_minecraft/mods}, reader: mod manifest]
[23Aug2026 16:44:01.994] [main/INFO] [net.neoforged.fml.loading.moddiscovery.ModDiscoverer/SCAN]: Found mod file "noisium-neoforge-2.7.0+mc1.21-1.21.1.jar" [locator: {mods folder locator at /workspaces/mtgfresafiio/servidor_minecraft/mods}, reader: mod manifest]
[23Aug2026 16:44:01.996] [main/INFO] [net.neoforged.fml.loading.moddiscovery.ModDiscoverer/SCAN]: Found mod file "nordic_structures-1.7.2-neoforge-1.21.1.jar" [locator: {mods folder locator at /workspaces/mtgfresafiio/servidor_minecraft/mods}, reader: mod manifest]
[23Aug2026 16:44:01.998] [main/INFO] [net.neoforged.fml.loading.moddiscovery.ModDiscoverer/SCAN]: Found mod file "OELib-neoforge-1.21.1-0.2.3.jar" [locator: {mods folder locator at /workspaces/mtgfresafiio/servidor_minecraft/mods}, reader: mod manifest]
[23Aug2026 16:44:02.000] [main/INFO] [net.neoforged.fml.loading.moddiscovery.ModDiscoverer/SCAN]: Found mod file "OverweightFarming-1.21.1-2.2.0-NeoForge.jar" [locator: {mods folder locator at /workspaces/mtgfresafiio/servidor_minecraft/mods}, reader: mod manifest]
[23Aug2026 16:44:02.002] [main/INFO] [net.neoforged.fml.loading.moddiscovery.ModDiscoverer/SCAN]: Found mod file "owo-lib-neoforge-0.12.15.5-beta.1+1.21.jar" [locator: {mods folder locator at /workspaces/mtgfresafiio/servidor_minecraft/mods}, reader: mod manifest]
[23Aug2026 16:44:02.004] [main/INFO] [net.neoforged.fml.loading.moddiscovery.ModDiscoverer/SCAN]: Found mod file "perf_tweaks-neoforge-1.21.1-1.3.0.jar" [locator: {mods folder locator at /workspaces/mtgfresafiio/servidor_minecraft/mods}, reader: mod manifest]
[23Aug2026 16:44:02.005] [main/INFO] [net.neoforged.fml.loading.moddiscovery.ModDiscoverer/SCAN]: Found mod file "piggyback-neoforge-1.21.1-1.1.1.jar" [locator: {mods folder locator at /workspaces/mtgfresafiio/servidor_minecraft/mods}, reader: mod manifest]
[23Aug2026 16:44:02.010] [main/INFO] [net.neoforged.fml.loading.moddiscovery.ModDiscoverer/SCAN]: Found mod file "piglinproliferation-1.21.1-2.0.15.jar" [locator: {mods folder locator at /workspaces/mtgfresafiio/servidor_minecraft/mods}, reader: mod manifest]
[23Aug2026 16:44:02.013] [main/INFO] [net.neoforged.fml.loading.moddiscovery.ModDiscoverer/SCAN]: Found mod file "Platform-neoforge-1.21.1-1.3.3.jar" [locator: {mods folder locator at /workspaces/mtgfresafiio/servidor_minecraft/mods}, reader: mod manifest]
[23Aug2026 16:44:02.014] [main/INFO] [net.neoforged.fml.loading.moddiscovery.ModDiscoverer/SCAN]: Found mod file "player-animation-lib-forge-2.0.4+1.21.1.jar" [locator: {mods folder locator at /workspaces/mtgfresafiio/servidor_minecraft/mods}, reader: mod manifest]
[23Aug2026 16:44:02.016] [main/INFO] [net.neoforged.fml.loading.moddiscovery.ModDiscoverer/SCAN]: Found mod file "PlayerRevive_NEOFORGE_v2.1.2_mc1.21.1.jar" [locator: {mods folder locator at /workspaces/mtgfresafiio/servidor_minecraft/mods}, reader: mod manifest]
[23Aug2026 16:44:02.022] [main/INFO] [net.neoforged.fml.loading.moddiscovery.ModDiscoverer/SCAN]: Found mod file "power-scale-1.21.1-neoforge-0.3.1.1.jar" [locator: {mods folder locator at /workspaces/mtgfresafiio/servidor_minecraft/mods}, reader: mod manifest]
[23Aug2026 16:44:02.025] [main/INFO] [net.neoforged.fml.loading.moddiscovery.ModDiscoverer/SCAN]: Found mod file "prickle-neoforge-1.21.1-21.1.11.jar" [locator: {mods folder locator at /workspaces/mtgfresafiio/servidor_minecraft/mods}, reader: mod manifest]
[23Aug2026 16:44:02.030] [main/INFO] [net.neoforged.fml.loading.moddiscovery.ModDiscoverer/SCAN]: Found mod file "primal-1.1.6+1.21.jar" [locator: {mods folder locator at /workspaces/mtgfresafiio/servidor_minecraft/mods}, reader: mod manifest]
[23Aug2026 16:44:02.032] [main/INFO] [net.neoforged.fml.loading.moddiscovery.ModDiscoverer/SCAN]: Found mod file "PuzzlesLib-v21.1.52-1.21.1-NeoForge.jar" [locator: {mods folder locator at /workspaces/mtgfresafiio/servidor_minecraft/mods}, reader: mod manifest]
[23Aug2026 16:44:02.036] [main/INFO] [net.neoforged.fml.loading.moddiscovery.ModDiscoverer/SCAN]: Found mod file "qraftyfied-9.1.1.jar" [locator: {mods folder locator at /workspaces/mtgfresafiio/servidor_minecraft/mods}, reader: mod manifest]
[23Aug2026 16:44:02.042] [main/INFO] [net.neoforged.fml.loading.moddiscovery.ModDiscoverer/SCAN]: Found mod file "quantified api-omni-2.2.0.jar" [locator: {mods folder locator at /workspaces/mtgfresafiio/servidor_minecraft/mods}, reader: mod manifest]
[23Aug2026 16:44:02.044] [main/INFO] [net.neoforged.fml.loading.moddiscovery.ModDiscoverer/SCAN]: Found mod file "Quick Skin - NeoForge - 1.21.1-2.6.2.4.jar" [locator: {mods folder locator at /workspaces/mtgfresafiio/servidor_minecraft/mods}, reader: mod manifest]
[23Aug2026 16:44:02.047] [main/INFO] [net.neoforged.fml.loading.moddiscovery.ModDiscoverer/SCAN]: Found mod file "raidsenhanced-1.0.2-1.21.1.jar" [locator: {mods folder locator at /workspaces/mtgfresafiio/servidor_minecraft/mods}, reader: mod manifest]
[23Aug2026 16:44:02.052] [main/INFO] [net.neoforged.fml.loading.moddiscovery.ModDiscoverer/SCAN]: Found mod file "realmrpg_balloons-1.0.0-neoforge-1.21.1.jar" [locator: {mods folder locator at /workspaces/mtgfresafiio/servidor_minecraft/mods}, reader: mod manifest]
[23Aug2026 16:44:02.054] [main/INFO] [net.neoforged.fml.loading.moddiscovery.ModDiscoverer/SCAN]: Found mod file "recipeessentials-1.21.1-4.7.jar" [locator: {mods folder locator at /workspaces/mtgfresafiio/servidor_minecraft/mods}, reader: mod manifest]
[23Aug2026 16:44:02.055] [main/INFO] [net.neoforged.fml.loading.moddiscovery.ModDiscoverer/SCAN]: Found mod file "resourcefulconfig-neoforge-1.21-3.0.11.jar" [locator: {mods folder locator at /workspaces/mtgfresafiio/servidor_minecraft/mods}, reader: mod manifest]
[23Aug2026 16:44:02.059] [main/INFO] [net.neoforged.fml.loading.moddiscovery.ModDiscoverer/SCAN]: Found mod file "resourcefullib-neoforge-1.21-3.0.12.jar" [locator: {mods folder locator at /workspaces/mtgfresafiio/servidor_minecraft/mods}, reader: mod manifest]
[23Aug2026 16:44:02.062] [main/INFO] [net.neoforged.fml.loading.moddiscovery.ModDiscoverer/SCAN]: Found mod file "Ribbits-1.21.1-NeoForge-4.1.6.jar" [locator: {mods folder locator at /workspaces/mtgfresafiio/servidor_minecraft/mods}, reader: mod manifest]
[23Aug2026 16:44:02.065] [main/INFO] [net.neoforged.fml.loading.moddiscovery.ModDiscoverer/SCAN]: Found mod file "sawmill-1.21-1.8.0-neoforge.jar" [locator: {mods folder locator at /workspaces/mtgfresafiio/servidor_minecraft/mods}, reader: mod manifest]
[23Aug2026 16:44:02.066] [main/INFO] [net.neoforged.fml.loading.moddiscovery.ModDiscoverer/SCAN]: Found mod file "sawmillhouse-2.0.1-neoforge-1.21.1.jar" [locator: {mods folder locator at /workspaces/mtgfresafiio/servidor_minecraft/mods}, reader: mod manifest]
[23Aug2026 16:44:02.069] [main/INFO] [net.neoforged.fml.loading.moddiscovery.ModDiscoverer/SCAN]: Found mod file "ScalableLux-neoforge-0.3.0-alpha.0.8-all.jar" [locator: {mods folder locator at /workspaces/mtgfresafiio/servidor_minecraft/mods}, reader: mod manifest]
[23Aug2026 16:44:02.070] [main/INFO] [net.neoforged.fml.loading.moddiscovery.ModDiscoverer/SCAN]: Found mod file "serversleep-datapack2.jar" [locator: {mods folder locator at /workspaces/mtgfresafiio/servidor_minecraft/mods}, reader: mod manifest]
[23Aug2026 16:44:02.075] [main/INFO] [net.neoforged.fml.loading.moddiscovery.ModDiscoverer/SCAN]: Found mod file "shieldexp-neoforge-1.21.1-1.4.1.jar" [locator: {mods folder locator at /workspaces/mtgfresafiio/servidor_minecraft/mods}, reader: mod manifest]
[23Aug2026 16:44:02.076] [main/INFO] [net.neoforged.fml.loading.moddiscovery.ModDiscoverer/SCAN]: Found mod file "silent-lib-1.21.1-neoforge-10.6.0.jar" [locator: {mods folder locator at /workspaces/mtgfresafiio/servidor_minecraft/mods}, reader: mod manifest]
[23Aug2026 16:44:02.083] [main/INFO] [net.neoforged.fml.loading.moddiscovery.ModDiscoverer/SCAN]: Found mod file "simplyswords-neoforge-1.63.0-1.21.1.jar" [locator: {mods folder locator at /workspaces/mtgfresafiio/servidor_minecraft/mods}, reader: mod manifest]
[23Aug2026 16:44:02.087] [main/INFO] [net.neoforged.fml.loading.moddiscovery.ModDiscoverer/SCAN]: Found mod file "SimplyTooltips-neoforge-0.1.3.jar" [locator: {mods folder locator at /workspaces/mtgfresafiio/servidor_minecraft/mods}, reader: mod manifest]
[23Aug2026 16:44:02.096] [main/INFO] [net.neoforged.fml.loading.moddiscovery.ModDiscoverer/SCAN]: Found mod file "sky_whale_ship-neoforge-1.21.1.jar" [locator: {mods folder locator at /workspaces/mtgfresafiio/servidor_minecraft/mods}, reader: mod manifest]
[23Aug2026 16:44:02.105] [main/INFO] [net.neoforged.fml.loading.moddiscovery.ModDiscoverer/SCAN]: Found mod file "SkyArena-1.3.6-1.21.1.jar" [locator: {mods folder locator at /workspaces/mtgfresafiio/servidor_minecraft/mods}, reader: mod manifest]
[23Aug2026 16:44:02.106] [main/INFO] [net.neoforged.fml.loading.moddiscovery.ModDiscoverer/SCAN]: Found mod file "smoothchunk-1.21-4.1.jar" [locator: {mods folder locator at /workspaces/mtgfresafiio/servidor_minecraft/mods}, reader: mod manifest]
[23Aug2026 16:44:02.108] [main/INFO] [net.neoforged.fml.loading.moddiscovery.ModDiscoverer/SCAN]: Found mod file "smsn-neoforge-1.4.3-1.21.1.jar" [locator: {mods folder locator at /workspaces/mtgfresafiio/servidor_minecraft/mods}, reader: mod manifest]
[23Aug2026 16:44:02.110] [main/INFO] [net.neoforged.fml.loading.moddiscovery.ModDiscoverer/SCAN]: Found mod file "SnowRealMagic-1.21.1-NeoForge-12.2.2.jar" [locator: {mods folder locator at /workspaces/mtgfresafiio/servidor_minecraft/mods}, reader: mod manifest]
[23Aug2026 16:44:02.112] [main/INFO] [net.neoforged.fml.loading.moddiscovery.ModDiscoverer/SCAN]: Found mod file "spark-1.10.124-neoforge.jar" [locator: {mods folder locator at /workspaces/mtgfresafiio/servidor_minecraft/mods}, reader: mod manifest]
[23Aug2026 16:44:02.117] [main/INFO] [net.neoforged.fml.loading.moddiscovery.ModDiscoverer/SCAN]: Found mod file "spelunkers_charm-5.0.6.jar" [locator: {mods folder locator at /workspaces/mtgfresafiio/servidor_minecraft/mods}, reader: mod manifest]
[23Aug2026 16:44:02.125] [main/INFO] [net.neoforged.fml.loading.moddiscovery.ModDiscoverer/SCAN]: Found mod file "Structory_26.2_v1.3.7.jar" [locator: {mods folder locator at /workspaces/mtgfresafiio/servidor_minecraft/mods}, reader: mod manifest]
[23Aug2026 16:44:02.127] [main/INFO] [net.neoforged.fml.loading.moddiscovery.ModDiscoverer/SCAN]: Found mod file "structure_layout_optimizer-neoforge-1.0.12.jar" [locator: {mods folder locator at /workspaces/mtgfresafiio/servidor_minecraft/mods}, reader: mod manifest]
[23Aug2026 16:44:02.133] [main/INFO] [net.neoforged.fml.loading.moddiscovery.ModDiscoverer/SCAN]: Found mod file "supplementaries-1.21.1-3.9.1-neoforge.jar" [locator: {mods folder locator at /workspaces/mtgfresafiio/servidor_minecraft/mods}, reader: mod manifest]
[23Aug2026 16:44:02.135] [main/INFO] [net.neoforged.fml.loading.moddiscovery.ModDiscoverer/SCAN]: Found mod file "t_and_t-fabric-neoforge-1.13.11.jar" [locator: {mods folder locator at /workspaces/mtgfresafiio/servidor_minecraft/mods}, reader: mod manifest]
[23Aug2026 16:44:02.137] [main/INFO] [net.neoforged.fml.loading.moddiscovery.ModDiscoverer/SCAN]: Found mod file "takesapillage-neoforge-1.0.12+mc1.21.1.jar" [locator: {mods folder locator at /workspaces/mtgfresafiio/servidor_minecraft/mods}, reader: mod manifest]
[23Aug2026 16:44:02.138] [main/INFO] [net.neoforged.fml.loading.moddiscovery.ModDiscoverer/SCAN]: Found mod file "TerraBlender-neoforge-1.21.1-4.1.0.8.jar" [locator: {mods folder locator at /workspaces/mtgfresafiio/servidor_minecraft/mods}, reader: mod manifest]
[23Aug2026 16:44:02.140] [main/INFO] [net.neoforged.fml.loading.moddiscovery.ModDiscoverer/SCAN]: Found mod file "Terralith_1.21.x_v2.6.2.jar" [locator: {mods folder locator at /workspaces/mtgfresafiio/servidor_minecraft/mods}, reader: mod manifest]
[23Aug2026 16:44:02.142] [main/INFO] [net.neoforged.fml.loading.moddiscovery.ModDiscoverer/SCAN]: Found mod file "tf_dnv-2.0.3.jar" [locator: {mods folder locator at /workspaces/mtgfresafiio/servidor_minecraft/mods}, reader: mod manifest]
[23Aug2026 16:44:02.147] [main/INFO] [net.neoforged.fml.loading.moddiscovery.ModDiscoverer/SCAN]: Found mod file "the_bumblezone-7.15.3+1.21.1-neoforge.jar" [locator: {mods folder locator at /workspaces/mtgfresafiio/servidor_minecraft/mods}, reader: mod manifest]
[23Aug2026 16:44:02.149] [main/INFO] [net.neoforged.fml.loading.moddiscovery.ModDiscoverer/SCAN]: Found mod file "tlc-neoforge-1.21.1-2.1.0.jar" [locator: {mods folder locator at /workspaces/mtgfresafiio/servidor_minecraft/mods}, reader: mod manifest]
[23Aug2026 16:44:02.151] [main/INFO] [net.neoforged.fml.loading.moddiscovery.ModDiscoverer/SCAN]: Found mod file "too_many_bows-neoforge-1.21.1-3.4.0.jar" [locator: {mods folder locator at /workspaces/mtgfresafiio/servidor_minecraft/mods}, reader: mod manifest]
[23Aug2026 16:44:02.154] [main/INFO] [net.neoforged.fml.loading.moddiscovery.ModDiscoverer/SCAN]: Found mod file "travelersbackpack-neoforge-1.21.1-10.1.38.jar" [locator: {mods folder locator at /workspaces/mtgfresafiio/servidor_minecraft/mods}, reader: mod manifest]
[23Aug2026 16:44:02.157] [main/INFO] [net.neoforged.fml.loading.moddiscovery.ModDiscoverer/SCAN]: Found mod file "trek-B0.6.2.jar" [locator: {mods folder locator at /workspaces/mtgfresafiio/servidor_minecraft/mods}, reader: mod manifest]
[23Aug2026 16:44:02.158] [main/INFO] [net.neoforged.fml.loading.moddiscovery.ModDiscoverer/SCAN]: Found mod file "trimmed-neo-1.21-3.0.0.jar" [locator: {mods folder locator at /workspaces/mtgfresafiio/servidor_minecraft/mods}, reader: mod manifest]
[23Aug2026 16:44:02.165] [main/INFO] [net.neoforged.fml.loading.moddiscovery.ModDiscoverer/SCAN]: Found mod file "twilightforest-1.21.1-4.8.3345-universal.jar" [locator: {mods folder locator at /workspaces/mtgfresafiio/servidor_minecraft/mods}, reader: mod manifest]
[23Aug2026 16:44:02.167] [main/INFO] [net.neoforged.fml.loading.moddiscovery.ModDiscoverer/SCAN]: Found mod file "u_desert-2.0.3+mc1.21-1.21.11.jar" [locator: {mods folder locator at /workspaces/mtgfresafiio/servidor_minecraft/mods}, reader: mod manifest]
[23Aug2026 16:44:02.168] [main/INFO] [net.neoforged.fml.loading.moddiscovery.ModDiscoverer/SCAN]: Found mod file "u_sea-1.2.5+mc1.19-1.21.11.jar" [locator: {mods folder locator at /workspaces/mtgfresafiio/servidor_minecraft/mods}, reader: mod manifest]
[23Aug2026 16:44:02.170] [main/INFO] [net.neoforged.fml.loading.moddiscovery.ModDiscoverer/SCAN]: Found mod file "unusualfishmod-1.21.1-1.1.13.jar" [locator: {mods folder locator at /workspaces/mtgfresafiio/servidor_minecraft/mods}, reader: mod manifest]
[23Aug2026 16:44:02.172] [main/INFO] [net.neoforged.fml.loading.moddiscovery.ModDiscoverer/SCAN]: Found mod file "VanillaBackport-neoforge-1.21.1-1.1.7.10.jar" [locator: {mods folder locator at /workspaces/mtgfresafiio/servidor_minecraft/mods}, reader: mod manifest]
[23Aug2026 16:44:02.173] [main/INFO] [net.neoforged.fml.loading.moddiscovery.ModDiscoverer/SCAN]: Found mod file "voicechat-neoforge-1.21.1-2.6.22.jar" [locator: {mods folder locator at /workspaces/mtgfresafiio/servidor_minecraft/mods}, reader: mod manifest]
[23Aug2026 16:44:02.175] [main/INFO] [net.neoforged.fml.loading.moddiscovery.ModDiscoverer/SCAN]: Found mod file "waterframes-NEOFORGE-mc1.21.1-v2.1.23.jar" [locator: {mods folder locator at /workspaces/mtgfresafiio/servidor_minecraft/mods}, reader: mod manifest]
[23Aug2026 16:44:02.183] [main/INFO] [net.neoforged.fml.loading.moddiscovery.ModDiscoverer/SCAN]: Found mod file "watervision-NF-mc1.21.1-v0.1.0-alpha.jar" [locator: {mods folder locator at /workspaces/mtgfresafiio/servidor_minecraft/mods}, reader: mod manifest]
[23Aug2026 16:44:02.186] [main/INFO] [net.neoforged.fml.loading.moddiscovery.ModDiscoverer/SCAN]: Found mod file "wwoo-neoforge-2.6.7.jar" [locator: {mods folder locator at /workspaces/mtgfresafiio/servidor_minecraft/mods}, reader: mod manifest]
[23Aug2026 16:44:02.188] [main/INFO] [net.neoforged.fml.loading.moddiscovery.ModDiscoverer/SCAN]: Found mod file "yet_another_config_lib_v3-3.8.2+1.21.1-neoforge.jar" [locator: {mods folder locator at /workspaces/mtgfresafiio/servidor_minecraft/mods}, reader: mod manifest]
[23Aug2026 16:44:02.189] [main/INFO] [net.neoforged.fml.loading.moddiscovery.ModDiscoverer/SCAN]: Found mod file "Yggdrasil-6.0.0.jar" [locator: {mods folder locator at /workspaces/mtgfresafiio/servidor_minecraft/mods}, reader: mod manifest]
[23Aug2026 16:44:02.191] [main/INFO] [net.neoforged.fml.loading.moddiscovery.ModDiscoverer/SCAN]: Found mod file "YungsApi-1.21.1-NeoForge-5.1.8.jar" [locator: {mods folder locator at /workspaces/mtgfresafiio/servidor_minecraft/mods}, reader: mod manifest]
[23Aug2026 16:44:02.192] [main/INFO] [net.neoforged.fml.loading.moddiscovery.ModDiscoverer/SCAN]: Found mod file "YungsCaveBiomes-1.21.1-NeoForge-3.1.1.jar" [locator: {mods folder locator at /workspaces/mtgfresafiio/servidor_minecraft/mods}, reader: mod manifest]
[23Aug2026 16:44:03.849] [main/WARN] [net.neoforged.jarjar.selection.JarSelector/]: Attempted to select a dependency jar for JarJar which was passed in as source: playeranimator. Using Mod File: /workspaces/mtgfresafiio/servidor_minecraft/mods/player-animation-lib-forge-2.0.4+1.21.1.jar
[23Aug2026 16:44:03.850] [main/WARN] [net.neoforged.jarjar.selection.JarSelector/]: Attempted to select a dependency jar for JarJar which was passed in as source: blueprint. Using Mod File: /workspaces/mtgfresafiio/servidor_minecraft/mods/blueprint-1.21.1-8.1.1.jar
[23Aug2026 16:44:03.850] [main/WARN] [net.neoforged.jarjar.selection.JarSelector/]: Attempted to select a dependency jar for JarJar which was passed in as source: resourcefullib. Using Mod File: /workspaces/mtgfresafiio/servidor_minecraft/mods/resourcefullib-neoforge-1.21-3.0.12.jar
[23Aug2026 16:44:03.850] [main/WARN] [net.neoforged.jarjar.selection.JarSelector/]: Attempted to select a dependency jar for JarJar which was passed in as source: lodestone. Using Mod File: /workspaces/mtgfresafiio/servidor_minecraft/mods/lodestone-1.21.1-1.8.2.jar
[23Aug2026 16:44:03.850] [main/INFO] [net.neoforged.fml.loading.moddiscovery.locators.JarInJarDependencyLocator/]: Found 83 dependencies adding them to mods collection
[23Aug2026 16:44:03.850] [main/INFO] [net.neoforged.fml.loading.moddiscovery.ModDiscoverer/SCAN]: Found mod file "c2me-neoforge-fixes-worldgen-threading-issues-mc1.21.1-0.4.0-alpha.0.120.jar" [parent: c2me-neoforge-mc1.21.1-0.4.0-alpha.0.120.jar, locator: jarinjar, reader: mod manifest]
[23Aug2026 16:44:03.850] [main/INFO] [net.neoforged.fml.loading.moddiscovery.ModDiscoverer/SCAN]: Found mod file "fabric-renderer-api-v1-3.4.0+9c40919e19.jar" [parent: SnowRealMagic-1.21.1-NeoForge-12.2.2.jar, locator: jarinjar, reader: mod manifest]
[23Aug2026 16:44:03.850] [main/INFO] [net.neoforged.fml.loading.moddiscovery.ModDiscoverer/SCAN]: Found mod file "c2me-neoforge-threading-lighting-mc1.21.1-0.4.0-alpha.0.120.jar" [parent: c2me-neoforge-mc1.21.1-0.4.0-alpha.0.120.jar, locator: jarinjar, reader: mod manifest]
[23Aug2026 16:44:03.850] [main/INFO] [net.neoforged.fml.loading.moddiscovery.ModDiscoverer/SCAN]: Found mod file "codecui-neoforge-1.21.1-1.3.6.jar" [parent: moonlight-1.21.1-3.4.1-neoforge.jar, locator: jarinjar, reader: mod manifest]
[23Aug2026 16:44:03.850] [main/INFO] [net.neoforged.fml.loading.moddiscovery.ModDiscoverer/SCAN]: Found library file "jankson-0.1.5.1.jar" [parent: owo-lib-neoforge-0.12.15.5-beta.1+1.21.jar, locator: jarinjar]
[23Aug2026 16:44:03.850] [main/INFO] [net.neoforged.fml.loading.moddiscovery.ModDiscoverer/SCAN]: Found library file "sewlia-config-1.0.0-20250810.044244-13.jar" [parent: krypton_fnp-neoforge-1.21.1-0.2.28.1-1.21.1.jar, locator: jarinjar]
[23Aug2026 16:44:03.850] [main/INFO] [net.neoforged.fml.loading.moddiscovery.ModDiscoverer/SCAN]: Found library file "json5-java-3.0.0.jar" [parent: OELib-neoforge-1.21.1-0.2.3.jar, locator: jarinjar]
[23Aug2026 16:44:03.850] [main/INFO] [net.neoforged.fml.loading.moddiscovery.ModDiscoverer/SCAN]: Found mod file "fabric-model-loading-api-v1-2.0.0+986ae77219.jar" [parent: SnowRealMagic-1.21.1-NeoForge-12.2.2.jar, locator: jarinjar, reader: mod manifest]
[23Aug2026 16:44:03.850] [main/INFO] [net.neoforged.fml.loading.moddiscovery.ModDiscoverer/SCAN]: Found library file "net.neoforged.neoforge-coremods-21.1.248.jar" [parent: neoforge-21.1.248-universal.jar, locator: jarinjar, reader: mod manifest]
[23Aug2026 16:44:03.850] [main/INFO] [net.neoforged.fml.loading.moddiscovery.ModDiscoverer/SCAN]: Found mod file "c2me-neoforge-opts-natives-math-mc1.21.1-0.4.0-alpha.0.120.jar" [parent: c2me-neoforge-mc1.21.1-0.4.0-alpha.0.120.jar, locator: jarinjar, reader: mod manifest]
[23Aug2026 16:44:03.851] [main/INFO] [net.neoforged.fml.loading.moddiscovery.ModDiscoverer/SCAN]: Found mod file "apollib-1.2.0-neoforge-21.1.jar" [parent: lithostitched-1.8.0+beta4-neoforge-21.1.jar, locator: jarinjar, reader: mod manifest]
[23Aug2026 16:44:03.851] [main/INFO] [net.neoforged.fml.loading.moddiscovery.ModDiscoverer/SCAN]: Found mod file "fabric-renderer-indigo-1.7.0+acb05a3919.jar" [parent: SnowRealMagic-1.21.1-NeoForge-12.2.2.jar, locator: jarinjar, reader: mod manifest]
[23Aug2026 16:44:03.851] [main/INFO] [net.neoforged.fml.loading.moddiscovery.ModDiscoverer/SCAN]: Found mod file "c2me-neoforge-fixes-general-threading-issues-mc1.21.1-0.4.0-alpha.0.120.jar" [parent: c2me-neoforge-mc1.21.1-0.4.0-alpha.0.120.jar, locator: jarinjar, reader: mod manifest]
[23Aug2026 16:44:03.851] [main/INFO] [net.neoforged.fml.loading.moddiscovery.ModDiscoverer/SCAN]: Found library file "netty-0.1.4.1.jar" [parent: owo-lib-neoforge-0.12.15.5-beta.1+1.21.jar, locator: jarinjar]
[23Aug2026 16:44:03.851] [main/INFO] [net.neoforged.fml.loading.moddiscovery.ModDiscoverer/SCAN]: Found library file "kotlinx-coroutines-core-jvm-1.11.0.jar" [parent: kotlinforforge-5.12.0-all.jar, locator: jarinjar]
[23Aug2026 16:44:03.851] [main/INFO] [net.neoforged.fml.loading.moddiscovery.ModDiscoverer/SCAN]: Found library file "endec-0.1.8.1.jar" [parent: owo-lib-neoforge-0.12.15.5-beta.1+1.21.jar, locator: jarinjar]
[23Aug2026 16:44:03.851] [main/INFO] [net.neoforged.fml.loading.moddiscovery.ModDiscoverer/SCAN]: Found mod file "fabric-block-view-api-v2-1.0.10+9afaaf8c19.jar" [parent: SnowRealMagic-1.21.1-NeoForge-12.2.2.jar, locator: jarinjar, reader: mod manifest]
[23Aug2026 16:44:03.851] [main/INFO] [net.neoforged.fml.loading.moddiscovery.ModDiscoverer/SCAN]: Found library file "yabn-1.0.3.jar" [parent: resourcefullib-neoforge-1.21-3.0.12.jar, locator: jarinjar]
[23Aug2026 16:44:03.851] [main/INFO] [net.neoforged.fml.loading.moddiscovery.ModDiscoverer/SCAN]: Found library file "jctools-core-4.0.5.jar" [parent: c2me-neoforge-mc1.21.1-0.4.0-alpha.0.120.jar, locator: jarinjar]
[23Aug2026 16:44:03.851] [main/INFO] [net.neoforged.fml.loading.moddiscovery.ModDiscoverer/SCAN]: Found gamelibrary file "mixinsquared-neoforge-0.3.7-beta.1.jar" [parent: c2me-neoforge-mc1.21.1-0.4.0-alpha.0.120.jar, locator: jarinjar, reader: mod manifest]
[23Aug2026 16:44:03.851] [main/INFO] [net.neoforged.fml.loading.moddiscovery.ModDiscoverer/SCAN]: Found mod file "biolith-neoforge-3.0.10.jar" [parent: Jadens-Nether-Expansion-2.4.0.jar, locator: jarinjar, reader: mod manifest]
[23Aug2026 16:44:03.851] [main/INFO] [net.neoforged.fml.loading.moddiscovery.ModDiscoverer/SCAN]: Found library file "kotlinx-coroutines-jdk8-1.11.0.jar" [parent: kotlinforforge-5.12.0-all.jar, locator: jarinjar]
[23Aug2026 16:44:03.851] [main/INFO] [net.neoforged.fml.loading.moddiscovery.ModDiscoverer/SCAN]: Found mod file "c2me-neoforge-opts-math-mc1.21.1-0.4.0-alpha.0.120.jar" [parent: c2me-neoforge-mc1.21.1-0.4.0-alpha.0.120.jar, locator: jarinjar, reader: mod manifest]
[23Aug2026 16:44:03.851] [main/INFO] [net.neoforged.fml.loading.moddiscovery.ModDiscoverer/SCAN]: Found mod file "c2me-neoforge-rewrites-chunk-system-mc1.21.1-0.4.0-alpha.0.120.jar" [parent: c2me-neoforge-mc1.21.1-0.4.0-alpha.0.120.jar, locator: jarinjar, reader: mod manifest]
[23Aug2026 16:44:03.852] [main/INFO] [net.neoforged.fml.loading.moddiscovery.ModDiscoverer/SCAN]: Found library file "rxjava-3.1.12.jar" [parent: c2me-neoforge-mc1.21.1-0.4.0-alpha.0.120.jar, locator: jarinjar]
[23Aug2026 16:44:03.852] [main/INFO] [net.neoforged.fml.loading.moddiscovery.ModDiscoverer/SCAN]: Found library file "kotlin-stdlib-jdk7-2.4.0.jar" [parent: kotlinforforge-5.12.0-all.jar, locator: jarinjar]
[23Aug2026 16:44:03.852] [main/INFO] [net.neoforged.fml.loading.moddiscovery.ModDiscoverer/SCAN]: Found library file "kotlin-stdlib-jdk8-2.4.0.jar" [parent: kotlinforforge-5.12.0-all.jar, locator: jarinjar]
[23Aug2026 16:44:03.852] [main/INFO] [net.neoforged.fml.loading.moddiscovery.ModDiscoverer/SCAN]: Found library file "reactive-streams-1.0.4.jar" [parent: c2me-neoforge-mc1.21.1-0.4.0-alpha.0.120.jar, locator: jarinjar]
[23Aug2026 16:44:03.852] [main/INFO] [net.neoforged.fml.loading.moddiscovery.ModDiscoverer/SCAN]: Found mod file "c2me-neoforge-base-mc1.21.1-0.4.0-alpha.0.120-all.jar" [parent: c2me-neoforge-mc1.21.1-0.4.0-alpha.0.120.jar, locator: jarinjar, reader: mod manifest]
[23Aug2026 16:44:03.852] [main/INFO] [net.neoforged.fml.loading.moddiscovery.ModDiscoverer/SCAN]: Found library file "forgified-fabric-loader-2.5.29+0.16.0+1.21-full.jar" [parent: SnowRealMagic-1.21.1-NeoForge-12.2.2.jar, locator: jarinjar, reader: mod manifest]
[23Aug2026 16:44:03.852] [main/INFO] [net.neoforged.fml.loading.moddiscovery.ModDiscoverer/SCAN]: Found mod file "c2me-neoforge-opts-worldgen-vanilla-mc1.21.1-0.4.0-alpha.0.120.jar" [parent: c2me-neoforge-mc1.21.1-0.4.0-alpha.0.120.jar, locator: jarinjar, reader: mod manifest]
[23Aug2026 16:44:03.852] [main/INFO] [net.neoforged.fml.loading.moddiscovery.ModDiscoverer/SCAN]: Found mod file "c2me-neoforge-fixes-worldgen-vanilla-bugs-mc1.21.1-0.4.0-alpha.0.120.jar" [parent: c2me-neoforge-mc1.21.1-0.4.0-alpha.0.120.jar, locator: jarinjar, reader: mod manifest]
[23Aug2026 16:44:03.852] [main/INFO] [net.neoforged.fml.loading.moddiscovery.ModDiscoverer/SCAN]: Found library file "common-image-3.12.0.jar" [parent: yet_another_config_lib_v3-3.8.2+1.21.1-neoforge.jar, locator: jarinjar]
[23Aug2026 16:44:03.852] [main/INFO] [net.neoforged.fml.loading.moddiscovery.ModDiscoverer/SCAN]: Found library file "kotlinx-serialization-json-jvm-1.11.0.jar" [parent: kotlinforforge-5.12.0-all.jar, locator: jarinjar]
[23Aug2026 16:44:03.852] [main/INFO] [net.neoforged.fml.loading.moddiscovery.ModDiscoverer/SCAN]: Found library file "bytecodecs-1.1.2.jar" [parent: resourcefullib-neoforge-1.21-3.0.12.jar, locator: jarinjar]
[23Aug2026 16:44:03.852] [main/INFO] [net.neoforged.fml.loading.moddiscovery.ModDiscoverer/SCAN]: Found mod file "c2me-neoforge-opts-scheduling-mc1.21.1-0.4.0-alpha.0.120.jar" [parent: c2me-neoforge-mc1.21.1-0.4.0-alpha.0.120.jar, locator: jarinjar, reader: mod manifest]
[23Aug2026 16:44:03.852] [main/INFO] [net.neoforged.fml.loading.moddiscovery.ModDiscoverer/SCAN]: Found mod file "athena-neoforge-1.21.1-4.0.6.jar" [parent: the_bumblezone-7.15.3+1.21.1-neoforge.jar, locator: jarinjar, reader: mod manifest]
[23Aug2026 16:44:03.852] [main/INFO] [net.neoforged.fml.loading.moddiscovery.ModDiscoverer/SCAN]: Found library file "exp4j-0.4.8.jar" [parent: c2me-neoforge-mc1.21.1-0.4.0-alpha.0.120.jar, locator: jarinjar]
[23Aug2026 16:44:03.852] [main/INFO] [net.neoforged.fml.loading.moddiscovery.ModDiscoverer/SCAN]: Found library file "snakeyaml-2.4.jar" [parent: krypton_fnp-neoforge-1.21.1-0.2.28.1-1.21.1.jar, locator: jarinjar]
[23Aug2026 16:44:03.853] [main/INFO] [net.neoforged.fml.loading.moddiscovery.ModDiscoverer/SCAN]: Found library file "jankson-1.2.3.jar" [parent: Gobber-NeoForge-1.21.1-2.10.15.jar, locator: jarinjar]
[23Aug2026 16:44:03.853] [main/INFO] [net.neoforged.fml.loading.moddiscovery.ModDiscoverer/SCAN]: Found gamelibrary file "mixinextras-neoforge-0.5.3.jar" [parent: neoforge-21.1.248-universal.jar, locator: jarinjar, reader: mod manifest]
[23Aug2026 16:44:03.853] [main/INFO] [net.neoforged.fml.loading.moddiscovery.ModDiscoverer/SCAN]: Found mod file "fabric-game-rule-api-v1-1.0.53+36d727be19.jar" [parent: SnowRealMagic-1.21.1-NeoForge-12.2.2.jar, locator: jarinjar, reader: mod manifest]
[23Aug2026 16:44:03.853] [main/INFO] [net.neoforged.fml.loading.moddiscovery.ModDiscoverer/SCAN]: Found library file "gson-0.1.5.1.jar" [parent: owo-lib-neoforge-0.12.15.5-beta.1+1.21.jar, locator: jarinjar]
[23Aug2026 16:44:03.853] [main/INFO] [net.neoforged.fml.loading.moddiscovery.ModDiscoverer/SCAN]: Found mod file "fabric-api-base-0.4.42+d1308dedd1.jar" [parent: owo-lib-neoforge-0.12.15.5-beta.1+1.21.jar, locator: jarinjar, reader: mod manifest]
[23Aug2026 16:44:03.853] [main/INFO] [net.neoforged.fml.loading.moddiscovery.ModDiscoverer/SCAN]: Found library file "jlayer-1.0.3.jar" [parent: etched-5.1.0.jar, locator: jarinjar]
[23Aug2026 16:44:03.853] [main/INFO] [net.neoforged.fml.loading.moddiscovery.ModDiscoverer/SCAN]: Found mod file "c2me-neoforge-fixes-chunkio-threading-issues-mc1.21.1-0.4.0-alpha.0.120.jar" [parent: c2me-neoforge-mc1.21.1-0.4.0-alpha.0.120.jar, locator: jarinjar, reader: mod manifest]
[23Aug2026 16:44:03.853] [main/INFO] [net.neoforged.fml.loading.moddiscovery.ModDiscoverer/SCAN]: Found gamelibrary file "mixinlite-0.2.0.jar" [parent: gbf-1.21.1-1.0.2.jar, locator: jarinjar, reader: mod manifest]
[23Aug2026 16:44:03.853] [main/INFO] [net.neoforged.fml.loading.moddiscovery.ModDiscoverer/SCAN]: Found mod file "c2me-neoforge-client-uncapvd-mc1.21.1-0.4.0-alpha.0.120.jar" [parent: c2me-neoforge-mc1.21.1-0.4.0-alpha.0.120.jar, locator: jarinjar, reader: mod manifest]
[23Aug2026 16:44:03.853] [main/INFO] [net.neoforged.fml.loading.moddiscovery.ModDiscoverer/SCAN]: Found mod file "c2me-neoforge-server-utils-mc1.21.1-0.4.0-alpha.0.120.jar" [parent: c2me-neoforge-mc1.21.1-0.4.0-alpha.0.120.jar, locator: jarinjar, reader: mod manifest]
[23Aug2026 16:44:03.853] [main/INFO] [net.neoforged.fml.loading.moddiscovery.ModDiscoverer/SCAN]: Found library file "thedarkcolour.kfflang-5.12.0.jar" [parent: kotlinforforge-5.12.0-all.jar, locator: jarinjar, reader: mod manifest]
[23Aug2026 16:44:03.853] [main/INFO] [net.neoforged.fml.loading.moddiscovery.ModDiscoverer/SCAN]: Found mod file "spectrelib-neoforge-0.17.2+1.21.jar" [parent: charmofundying-neoforge-9.1.0+1.21.1.jar, locator: jarinjar, reader: mod manifest]
[23Aug2026 16:44:03.853] [main/INFO] [net.neoforged.fml.loading.moddiscovery.ModDiscoverer/SCAN]: Found library file "imageio-metadata-3.12.0.jar" [parent: yet_another_config_lib_v3-3.8.2+1.21.1-neoforge.jar, locator: jarinjar]
[23Aug2026 16:44:03.853] [main/INFO] [net.neoforged.fml.loading.moddiscovery.ModDiscoverer/SCAN]: Found gamelibrary file "thedarkcolour.kfflib-5.12.0.jar" [parent: kotlinforforge-5.12.0-all.jar, locator: jarinjar, reader: mod manifest]
[23Aug2026 16:44:03.853] [main/INFO] [net.neoforged.fml.loading.moddiscovery.ModDiscoverer/SCAN]: Found mod file "bendy-lib-forge-5.1.jar" [parent: emotecraft-for-MC1.21.1-2.4.12-neoforge.jar, locator: jarinjar, reader: mod manifest]
[23Aug2026 16:44:03.854] [main/INFO] [net.neoforged.fml.loading.moddiscovery.ModDiscoverer/SCAN]: Found mod file "thedarkcolour.kffmod-5.12.0.jar" [parent: kotlinforforge-5.12.0-all.jar, locator: jarinjar, reader: mod manifest]
[23Aug2026 16:44:03.854] [main/INFO] [net.neoforged.fml.loading.moddiscovery.ModDiscoverer/SCAN]: Found library file "gson-0.2.1.jar" [parent: yet_another_config_lib_v3-3.8.2+1.21.1-neoforge.jar, locator: jarinjar]
[23Aug2026 16:44:03.854] [main/INFO] [net.neoforged.fml.loading.moddiscovery.ModDiscoverer/SCAN]: Found mod file "c2me-neoforge-opts-dfc-mc1.21.1-0.4.0-alpha.0.120.jar" [parent: c2me-neoforge-mc1.21.1-0.4.0-alpha.0.120.jar, locator: jarinjar, reader: mod manifest]
[23Aug2026 16:44:03.854] [main/INFO] [net.neoforged.fml.loading.moddiscovery.ModDiscoverer/SCAN]: Found library file "kotlin-stdlib-2.4.0.jar" [parent: kotlinforforge-5.12.0-all.jar, locator: jarinjar]
[23Aug2026 16:44:03.854] [main/INFO] [net.neoforged.fml.loading.moddiscovery.ModDiscoverer/SCAN]: Found library file "kotlin-reflect-2.4.0.jar" [parent: kotlinforforge-5.12.0-all.jar, locator: jarinjar]
[23Aug2026 16:44:03.854] [main/INFO] [net.neoforged.fml.loading.moddiscovery.ModDiscoverer/SCAN]: Found mod file "sable-companion-common-1.21.1-1.6.0.jar" [parent: supplementaries-1.21.1-3.9.1-neoforge.jar, locator: jarinjar, reader: mod manifest]
[23Aug2026 16:44:03.854] [main/INFO] [net.neoforged.fml.loading.moddiscovery.ModDiscoverer/SCAN]: Found library file "velocity-native-3.4.0-SNAPSHOT.jar" [parent: krypton_fnp-neoforge-1.21.1-0.2.28.1-1.21.1.jar, locator: jarinjar]
[23Aug2026 16:44:03.854] [main/INFO] [net.neoforged.fml.loading.moddiscovery.ModDiscoverer/SCAN]: Found mod file "c2me-neoforge-notickvd-mc1.21.1-0.4.0-alpha.0.120.jar" [parent: c2me-neoforge-mc1.21.1-0.4.0-alpha.0.120.jar, locator: jarinjar, reader: mod manifest]
[23Aug2026 16:44:03.854] [main/INFO] [net.neoforged.fml.loading.moddiscovery.ModDiscoverer/SCAN]: Found gamelibrary file "mixinsquared-forge-0.3.7-beta.3.jar" [parent: supplementaries-1.21.1-3.9.1-neoforge.jar, locator: jarinjar, reader: mod manifest]
[23Aug2026 16:44:03.854] [main/INFO] [net.neoforged.fml.loading.moddiscovery.ModDiscoverer/SCAN]: Found mod file "c2me-neoforge-opts-worldgen-general-mc1.21.1-0.4.0-alpha.0.120.jar" [parent: c2me-neoforge-mc1.21.1-0.4.0-alpha.0.120.jar, locator: jarinjar, reader: mod manifest]
[23Aug2026 16:44:03.854] [main/INFO] [net.neoforged.fml.loading.moddiscovery.ModDiscoverer/SCAN]: Found library file "tomlkt-jvm-0.3.7.jar" [parent: fzzy_config-0.7.6+1.21+neoforge.jar, locator: jarinjar]
[23Aug2026 16:44:03.854] [main/INFO] [net.neoforged.fml.loading.moddiscovery.ModDiscoverer/SCAN]: Found mod file "c2me-neoforge-opts-chunkio-mc1.21.1-0.4.0-alpha.0.120.jar" [parent: c2me-neoforge-mc1.21.1-0.4.0-alpha.0.120.jar, locator: jarinjar, reader: mod manifest]
[23Aug2026 16:44:03.854] [main/INFO] [net.neoforged.fml.loading.moddiscovery.ModDiscoverer/SCAN]: Found library file "json-0.2.1.jar" [parent: yet_another_config_lib_v3-3.8.2+1.21.1-neoforge.jar, locator: jarinjar]
[23Aug2026 16:44:03.855] [main/INFO] [net.neoforged.fml.loading.moddiscovery.ModDiscoverer/SCAN]: Found mod file "accessories-neoforge-1.1.0-beta.48+1.21.1.jar" [parent: aether-1.21.1-1.5.10-neoforge.jar, locator: jarinjar, reader: mod manifest]
[23Aug2026 16:44:03.855] [main/INFO] [net.neoforged.fml.loading.moddiscovery.ModDiscoverer/SCAN]: Found library file "MathParser.org-mXparser-5.2.1.jar" [parent: immersive_aircraft-1.4.6+1.21.1-neoforge.jar, locator: jarinjar]
[23Aug2026 16:44:03.855] [main/INFO] [net.neoforged.fml.loading.moddiscovery.ModDiscoverer/SCAN]: Found mod file "cumulus_menus-1.21.1-2.0.7-neoforge.jar" [parent: aether-1.21.1-1.5.10-neoforge.jar, locator: jarinjar, reader: mod manifest]
[23Aug2026 16:44:03.855] [main/INFO] [net.neoforged.fml.loading.moddiscovery.ModDiscoverer/SCAN]: Found library file "MixinSquared-0.3.7-beta.3.jar" [parent: mixinsquared-forge-0.3.7-beta.3.jar, locator: jarinjar]
[23Aug2026 16:44:03.855] [main/INFO] [net.neoforged.fml.loading.moddiscovery.ModDiscoverer/SCAN]: Found library file "s.tf-asm-4.8.3345.jar" [parent: twilightforest-1.21.1-4.8.3345-universal.jar, locator: jarinjar, reader: mod manifest]
[23Aug2026 16:44:03.855] [main/INFO] [net.neoforged.fml.loading.moddiscovery.ModDiscoverer/SCAN]: Found library file "common-io-3.12.0.jar" [parent: yet_another_config_lib_v3-3.8.2+1.21.1-neoforge.jar, locator: jarinjar]
[23Aug2026 16:44:03.855] [main/INFO] [net.neoforged.fml.loading.moddiscovery.ModDiscoverer/SCAN]: Found mod file "nitrogen_internals-1.21.1-1.1.25-neoforge.jar" [parent: aether-1.21.1-1.5.10-neoforge.jar, locator: jarinjar, reader: mod manifest]
[23Aug2026 16:44:03.855] [main/INFO] [net.neoforged.fml.loading.moddiscovery.ModDiscoverer/SCAN]: Found library file "imageio-webp-3.12.0.jar" [parent: yet_another_config_lib_v3-3.8.2+1.21.1-neoforge.jar, locator: jarinjar]
[23Aug2026 16:44:03.855] [main/INFO] [net.neoforged.fml.loading.moddiscovery.ModDiscoverer/SCAN]: Found library file "kotlinx-serialization-core-jvm-1.11.0.jar" [parent: kotlinforforge-5.12.0-all.jar, locator: jarinjar]
[23Aug2026 16:44:03.855] [main/INFO] [net.neoforged.fml.loading.moddiscovery.ModDiscoverer/SCAN]: Found library file "caffeine-3.2.1.jar" [parent: c2me-neoforge-mc1.21.1-0.4.0-alpha.0.120.jar, locator: jarinjar]
[23Aug2026 16:44:03.855] [main/INFO] [net.neoforged.fml.loading.moddiscovery.ModDiscoverer/SCAN]: Found mod file "c2me-neoforge-rewrites-chunkio-mc1.21.1-0.4.0-alpha.0.120.jar" [parent: c2me-neoforge-mc1.21.1-0.4.0-alpha.0.120.jar, locator: jarinjar, reader: mod manifest]
[23Aug2026 16:44:03.855] [main/INFO] [net.neoforged.fml.loading.moddiscovery.ModDiscoverer/SCAN]: Found mod file "c2me-neoforge-opts-allocs-mc1.21.1-0.4.0-alpha.0.120.jar" [parent: c2me-neoforge-mc1.21.1-0.4.0-alpha.0.120.jar, locator: jarinjar, reader: mod manifest]
[23Aug2026 16:44:03.855] [main/INFO] [net.neoforged.fml.loading.moddiscovery.ModDiscoverer/SCAN]: Found library file "common-lang-3.12.0.jar" [parent: yet_another_config_lib_v3-3.8.2+1.21.1-neoforge.jar, locator: jarinjar]
[23Aug2026 16:44:03.855] [main/INFO] [net.neoforged.fml.loading.moddiscovery.ModDiscoverer/SCAN]: Found library file "imageio-core-3.12.0.jar" [parent: yet_another_config_lib_v3-3.8.2+1.21.1-neoforge.jar, locator: jarinjar]
[23Aug2026 16:44:03.855] [main/INFO] [net.neoforged.fml.loading.moddiscovery.ModDiscoverer/SCAN]: Found library file "lunar-1.7.3.jar" [parent: OELib-neoforge-1.21.1-0.2.3.jar, locator: jarinjar]
[23Aug2026 16:44:03.855] [main/INFO] [net.neoforged.fml.loading.moddiscovery.ModDiscoverer/SCAN]: Found library file "asyncutil-0.1.0.jar" [parent: c2me-neoforge-mc1.21.1-0.4.0-alpha.0.120.jar, locator: jarinjar]
[23Aug2026 16:44:03.862] [main/INFO] [net.neoforged.fml.loading.moddiscovery.ModDiscoverer/]: 
     Mod List:
		Name Version (Mod Id)

		[Let's Do] Farm & Charm 1.1.23 (farm_and_charm)
		[Let's Do] Meadow 1.4.8 (meadow)
		[Let's Do] Vinery 1.5.3 (vinery)
		[NoCube's] Realm RPG: Treasure Balloons 1.0.0 (realmrpg_balloons)
		Accessories 1.1.0-beta.48+1.21.1 (accessories)
		Additional Structures 6.3.2 (additionalstructures)
		Alex Mobs: Tweaks 1.3.0 (amt)
		Alex's Caves 2.0.10 (alexscaves)
		Alex's Mobs Continued 2.1.6 (alexsmobs)
		All The Leaks 1.1.12+1.21.1-neoforge (alltheleaks)
		Apollib 1.2.0 (apollib)
		Architectury 13.0.11 (architectury)
		AstikorCarts Redux 1.2.4 (astikorcartsredux)
		Athena 4.0.6 (athena)
		ATi Structures 1.4.5 (mr_ati_structuresfabricforge)
		Autumnity 6.0.1 (autumnity)
		Bendy lib 5.1 (bendylib)
		Biolith 3.0.10 (biolith)
		BlockPops 1.5.0 (blockpops)
		Blueprint 8.1.1 (blueprint)
		Bogos_BInted 1.2.0 (bogos_binted)
		Bookshelf 21.1.81 (bookshelf)
		Charm of Undying 9.1.0+1.21.1 (charmofundying)
		chunksending mod 3.7 (chunksending)
		Chunky 1.4.23 (chunky)
		Citadel 2.7.6 (citadel)
		Cloth Config v15 API 15.0.140 (cloth_config)
		CodecUI 1.21.1-1.3.6 (codecui)
		CodxLib 1.5.0 (codxlib)
		Concurrent Chunk Management Engine 0.4.0-alpha.0.120+1.21.1 (c2me)
		Concurrent Chunk Management Engine (Base) 0.4.0-alpha.0.120+1.21.1 (c2me_base)
		Concurrent Chunk Management Engine (Client/Uncap View Distance) 0.4.0-alpha.0.120+1.21.1 (c2me_client_uncapvd)
		Concurrent Chunk Management Engine (Fixes/Chunk IO/Threading Issues) 0.4.0-alpha.0.120+1.21.1 (c2me_fixes_chunkio_threading_issues)
		Concurrent Chunk Management Engine (Fixes/General/Threading Issues) 0.4.0-alpha.0.120+1.21.1 (c2me_fixes_general_threading_issues)
		Concurrent Chunk Management Engine (Fixes/WorldGen/Threading Issues) 0.4.0-alpha.0.120+1.21.1 (c2me_fixes_worldgen_threading_issues)
		Concurrent Chunk Management Engine (Fixes/WorldGen/Vanilla Bugs) 0.4.0-alpha.0.120+1.21.1 (c2me_fixes_worldgen_vanilla_bugs)
		Concurrent Chunk Management Engine (No Tick View Distance) 0.4.0-alpha.0.120+1.21.1 (c2me_notickvd)
		Concurrent Chunk Management Engine (Optimizations/Chunk IO) 0.4.0-alpha.0.120+1.21.1 (c2me_opts_chunkio)
		Concurrent Chunk Management Engine (Optimizations/Density Function Compiler) 0.4.0-alpha.0.120+1.21.1 (c2me_opts_dfc)
		Concurrent Chunk Management Engine (Optimizations/General WorldGen) 0.4.0-alpha.0.120+1.21.1 (c2me_opts_worldgen_general)
		Concurrent Chunk Management Engine (Optimizations/Math) 0.4.0-alpha.0.120+1.21.1 (c2me_opts_math)
		Concurrent Chunk Management Engine (Optimizations/Memory Allocations) 0.4.0-alpha.0.120+1.21.1 (c2me_opts_allocs)
		Concurrent Chunk Management Engine (Optimizations/Natives Math) 0.4.0-alpha.0.120+1.21.1 (c2me_opts_natives_math)
		Concurrent Chunk Management Engine (Optimizations/Scheduling) 0.4.0-alpha.0.120+1.21.1 (c2me_opts_scheduling)
		Concurrent Chunk Management Engine (Optimizations/Vanilla WorldGen) 0.4.0-alpha.0.120+1.21.1 (c2me_opts_worldgen_vanilla)
		Concurrent Chunk Management Engine (Rewrites/Chunk IO) 0.4.0-alpha.0.120+1.21.1 (c2me_rewrites_chunkio)
		Concurrent Chunk Management Engine (Rewrites/Chunk System) 0.4.0-alpha.0.120+1.21.1 (c2me_rewrites_chunk_system)
		Concurrent Chunk Management Engine (Server Utils) 0.4.0-alpha.0.120+1.21.1 (c2me_server_utils)
		Concurrent Chunk Management Engine (Threading/Lighting) 0.4.0-alpha.0.120+1.21.1 (c2me_threading_lighting)
		Connectivity Mod 7.6 (connectivity)
		CosmeticArmorReworked 1.21.1-v1-neoforge (cosmeticarmorreworked)
		CrashExploitFixer 2.0.0 (crashexploitfixer)
		CreativeCore 2.13.44 (creativecore)
		Cristel Lib 3.1.7 (cristellib)
		Critters and Companions 2.7.0 (crittersandcompanions)
		Cumulus 2.0.7 (cumulus_menus)
		Cupboard mod 4.0 (cupboard)
		Curios API 9.5.1+1.21.1 (curios)
		Deeper and Darker 1.4.1 (deeperdarker)
		DespawnTweakerRefoxed 1.0-SNAPSHOT (despawntweaker)
		DoesPotatoTick 1.21.1-5.6.4 (doespotatotick)
		Dungeon Crawl 2.3.17 (dungeoncrawl)
		Dungeons and Taverns 1-v4.4.4 (mr_dungeons_andtaverns)
		Duplicationless 1.21.1-1.2.1 (duplicationless)
		Easy Anvils 21.1.0 (easyanvils)
		Easy Magic 21.1.4 (easymagic)
		Echoes of the End ( Structures ) 12.00.13 (echoes_of_the_end__structures_)
		Ecologics 2.3.7 (ecologics)
		Elysium-API 2.0.0 (elysium_api)
		Emotecraft 2.4.12 (emotecraft)
		EnchantmentDescriptions 21.1.11 (enchdesc)
		End Remastered 6.3.0 (endrem)
		End's Delight 2.6.1+neoforge.1.21.1 (ends_delight)
		Enderscape 1.0.9 (enderscape)
		Etched 5.1.0 (etched)
		extra dungeons 1.0.7 (extra_dungeons)
		Faewulf's Lib 1.4.0 (faewulf_lib)
		Farmer's Delight 1.3.3 (farmersdelight)
		FarmersStructures 1.0.6 (farmers_structures)
		Fast Item Frames 21.1.6 (fastitemframes)
		Fast Paintings 1.21-1.3.0 (fastpaintings)
		fastasyncworldsave mod 2.6 (fastasyncworldsave)
		Faz Roleplay Plus 0.0.1 (faz_roleplay_plus)
		FDLib 1.0.8 (fdlib)
		Ferrite Core 7.0.3 (ferritecore)
		Fetzi's Displays 1.1.1 (fetzisdisplays)
		Forgified Fabric API Base 0.4.42+d1308dedd1 (fabric_api_base)
		Forgified Fabric BlockView API (v2) 1.0.10+9afaaf8c19 (fabric_block_view_api_v2)
		Forgified Fabric Game Rule API (v1) 1.0.53+36d727be19 (fabric_game_rule_api_v1)
		Forgified Fabric Model Loading API (v1) 2.0.0+986ae77219 (fabric_model_loading_api_v1)
		Forgified Fabric Renderer - Indigo 1.7.0+acb05a3919 (fabric_renderer_indigo)
		Forgified Fabric Renderer API (v1) 3.4.0+9c40919e19 (fabric_renderer_api_v1)
		Formations 1.0.4 (formations)
		Formations Nether 1.0.5+a (formationsnether)
		Framework 0.13.11 (framework)
		Furnitury 3.0808-neoforge-1.21.1 (furnitury)
		Fzzy Config 0.7.6+1.21+neoforge (fzzy_config)
		GeckoBetterFPS 1.0.2 (gbf)
		GeckoLib 4 4.9.2 (geckolib)
		Geophilic 3.6 (geophilic)
		Ghosts 1.3.4 (ghosts)
		Gobber for NeoForge 2.10.15 (gobber2)
		Hearths 1.0.5 (hearths)
		Hellish Trials 1.0.5 (hellish_trials)
		Hominid 1.3.4 (hominid)
		HopoBetterRuinedPortals 1.4.4 (hoporp)
		Immersive Aircraft 1.4.6+1.21.1 (immersive_aircraft)
		Immersive Structures 2.2.1c (imst)
		Incendium 5.4.3 (incendium)
		It Takes a Pillage Continuation 1.0.12 (takesapillage)
		Jaden's Nether Expansion 2.4.0 (netherexp)
		Jungle Treehouse Village 1.0.0 (jungle_treehouse_village)
		Just Enough Items 19.27.0.340-async-10 (jei)
		JustInNETHER 1.0.0 (just_in_nether)
		Kaleidoscope Tavern 1.2.0-neoforge+mc1.21.1 (kaleidoscope_tavern)
		Kiwi Library 15.8.7+neoforge (kiwi)
		Knight Lib 1.6.1 (knightlib)
		Knight Quest 1.9.3 (knightquest)
		Kotlin For Forge 5.12.0 (kotlinforforge)
		Krypton FNP 0.2.28.1-1.21.1 (krypton_fnp)
		Ksyxis 1.4.3 (ksyxis)
		leaky mod 2.4 (leaky)
		limitedchunks mod 4.1 (limitedchunks)
		Lithostitched 1.8.0+beta4 (lithostitched)
		Lodestone 1.8.2 (lodestone)
		Lootr 1.21.1-1.11.38.124 (lootr)
		Lucky's Wardrobe Restitched 2.0.0 (luckyswardrobe)
		Luminous Nether 1.3.3 (luminous_nether)
		Medieval Buildings 1.1.1 (medieval_buildings)
		Medieval Buildings [The End Edition] 1.0.4 (medievalend)
		Medieval Buildings [The Nether Edition] 1.0.2 (medieval_nether)
		Mighty Mail 1.1.4 (mighty_mail)
		Minecraft 1.21.1 (minecraft)
		Minopp 1.4.0+1.21.1+neoforge (minopp)
		ModernFix 5.27.20+mc1.21.1 (modernfix)
		Moog's Structure Lib 3.1.1 (moogs_structures)
		MoogsEndStructures 2.0.3 (mes)
		MoogsNetherStructures 3.0.0 (mns)
		Moonlight Lib 1.21.1-3.4.1 (moonlight)
		Mowzie's Mobs 1.8.2 (mowziesmobs)
		My Nether's Delight 1.10.4 (mynethersdelight)
		Mythrais 5.0.1 (mythrais)
		Naturalist 2.0.3 (naturalist)
		NeoForge 21.1.248 (neoforge)
		Nether's Exoticism 1.2.9 (nethers_exoticism)
		Nitrogen 1.1.25 (nitrogen_internals)
		NoCollision 0.1 (mr_no_collision)
		Noisium 2.7.0+mc1.21-1.21.1 (noisium)
		nordic_adventure 1.7.4 (nordic_structures)
		OELib 0.2.3 (oelib)
		Overweight Farming 1.21.1-2.2.0-forge (overweight_farming)
		oωo 0.12.15.5-beta.1+1.21 (owo)
		Performance Tweaks 1.3.0 (perf_tweaks)
		Piggyback 1.1.1 (piggyback)
		Piglin Proliferation 2.0.15 (piglinproliferation)
		Platform 1.3.3 (platform)
		Player Animator 2.0.4+1.21.1 (playeranimator)
		PlayerRevive 2.1.2 (playerrevive)
		PrickleMC 21.1.11 (prickle)
		Primal 1.1.6 (primal)
		Puzzles Lib 21.1.52 (puzzleslib)
		qraftyfied 9.1.1 (mr_qraftyfied)
		Quantified API 2.2.0 (quantified)
		QuickSkin 2.6.2.4 (quickskin)
		Raids: Enhanced 1.0.2 (raidsenhanced)
		recipeessentials mod 4.7 (recipeessentials)
		Resourceful Lib 3.0.12 (resourcefullib)
		Resourcefulconfig 3.0.11 (resourcefulconfig)
		Ribbits 1.21.1-NeoForge-4.1.6 (ribbits)
		Sable Companion 1.6.0 (sablecompanion)
		Save My Shit Network 1.4.3-1.21.1 (smsn)
		SawmillHouse 2.0.1 (sawmillhouse)
		ScalableLux 0.3.0-alpha.0.8+1.21.1 (scalablelux)
		SecurityCraft 1.10.2.1 (securitycraft)
		Server Sleep 1-datapack2 (mr_serversleep)
		Shield Expansion 1.4.1 (shieldexp)
		Silent Lib 10.6.0 (silentlib)
		Silent's Power Scale 0.3.1.1 (powerscale)
		Simple Belts 0.2.2 (belts)
		Simple Voice Chat 1.21.1-2.6.22 (voicechat)
		Simply Swords 1.63.0-1.21.1 (simplyswords)
		Simply Tooltips 0.1.3 (simplytooltips)
		Sky Arena 1.3.6-1.21.1 (skyarena)
		Sky Whale Ship 1.0.3 (sky_whale_ship)
		Smoothchunk mod 4.1 (smoothchunk)
		Snow! Real Magic! 12.2.2+neoforge (snowrealmagic)
		spark 1.10.124 (spark)
		SpectreLib 0.17.2+1.21 (spectrelib)
		Spelunker's Charm 5.0.6 (spelunkers_charm)
		Structory 1.3.17 (structory)
		Structure Layout Optimizer 1.0.12 (structure_layout_optimizer)
		Supplementaries 1.21.1-3.9.1 (supplementaries)
		TerraBlender 4.1.0.8 (terrablender)
		Terralith 2.6.2 (terralith)
		The Aether 1.5.10 (aether)
		The Bumblezone 7.15.3+1.21.1-neoforge (the_bumblezone)
		The Lost Castle 2.1.0 (tlc)
		The Twilight Forest 4.8.3345 (twilightforest)
		Too Many Bows 1.21.1-3.4.0 (too_many_bows)
		Towns and Towers 1.13.11 (t_and_t)
		Traveler's Backpack 10.1.38 (travelersbackpack)
		Trek 1-B0.6.2 (mr_trek)
		Trimmed 3.0.0 (trimmed)
		Twilight Forest - Dungeons & Villages 2.0.3 (tf_dnv)
		Universal Sawmill 1.21-1.8.0 (sawmill)
		Unnamed Desert 2.0.3 (u_desert)
		Unnamed Sea 1.2.5 (u_sea)
		Unusual Fish Mod 1.21.1-1.1.13 (unusualfishmod)
		VanillaBackport 1.1.7.10 (vanillabackport)
		WaterFrames 2.1.23 (waterframes)
		WaterVision 0.1.0-alpha (watervision)
		When Dungeons Arise 2.1.68 (dungeons_arise)
		When Dungeons Arise: Seven Seas 1.0.4 (dungeons_arise_seven_seas)
		William Wythers' Overhauled Overworld 2.6.7 (wwoo)
		YetAnotherConfigLib 3.8.2+1.21.1-neoforge (yet_another_config_lib_v3)
		Yggdrasil 6.0.0 (mr_yggdrasil_structure)
		YUNG's API 1.21.1-NeoForge-5.1.8 (yungsapi)
		YUNG's Cave Biomes 1.21.1-NeoForge-3.1.1 (yungscavebiomes)
[23Aug2026 16:44:08.253] [main/INFO] [mixin/]: Compatibility level set to JAVA_21
[23Aug2026 16:44:08.744] [main/INFO] [net.fabricmc.loader.impl.bootstrap.FabricLoaderBootstrap/]: Propagating FML mod list to Fabric Loader
[23Aug2026 16:44:08.767] [main/INFO] [cpw.mods.modlauncher.LaunchServiceHandler/MODLAUNCHER]: Launching target 'forgeserver' with arguments [nogui]
[23Aug2026 16:44:08.991] [main/INFO] [C2ME Modules Manager/]: Initializing com.ishland.c2me.fixes.worldgen.threading_issues.mixin
[23Aug2026 16:44:09.247] [main/INFO] [C2ME Config System/]: Config fixes.enforceSafeWorldRandomAccess changed from true to false
[23Aug2026 16:44:09.251] [main/WARN] [mixin/]: Reference map 'despawntweaker.refmap.json' for despawntweaker.mixins.json could not be read. If this is a development environment you can ignore this message
[23Aug2026 16:44:09.253] [main/INFO] [C2ME Modules Manager/]: Initializing com.ishland.c2me.fixes.general.threading_issues.mixin
[23Aug2026 16:44:09.379] [main/INFO] [ModernFix/]: Loaded configuration file for ModernFix 5.27.20+mc1.21.1: 89 options available, 4 override(s) found
[23Aug2026 16:44:09.380] [main/WARN] [ModernFix/]: Option 'mixin.perf.release_protochunks' overriden (by mods [c2me]) to 'false'
[23Aug2026 16:44:09.380] [main/WARN] [ModernFix/]: Option 'mixin.bugfix.paper_chunk_patches' overriden (by mods [c2me]) to 'false'
[23Aug2026 16:44:09.380] [main/WARN] [ModernFix/]: Option 'mixin.perf.cache_strongholds' overriden (by mods [c2me]) to 'false'
[23Aug2026 16:44:09.380] [main/WARN] [ModernFix/]: Option 'mixin.bugfix.chunk_deadlock' overriden (by mods [c2me]) to 'false'
[23Aug2026 16:44:09.381] [main/INFO] [ModernFix/]: Applying Nashorn fix
[23Aug2026 16:44:09.505] [main/INFO] [one.pkg.config.SewliaConfig/]: All configurations saved
[23Aug2026 16:44:09.508] [main/INFO] [one.pkg.config.SewliaConfig/]: Reloaded configuration: ModConfig
[23Aug2026 16:44:09.508] [main/INFO] [one.pkg.config.SewliaConfig/]: Successfully initialized configuration manager, loaded 1 configuration classes
[23Aug2026 16:44:09.510] [main/WARN] [mixin/]: Reference map '' for krypton_fnp.mixins.json could not be read. If this is a development environment you can ignore this message
[23Aug2026 16:44:09.512] [main/WARN] [mixin/]: Reference map 'yungsapi.refmap.json' for yungsapi.mixins.json could not be read. If this is a development environment you can ignore this message
[23Aug2026 16:44:09.517] [main/WARN] [mixin/]: Reference map 'mixins.medievalend.refmap.json' for mixins.medievalend.json could not be read. If this is a development environment you can ignore this message
[23Aug2026 16:44:09.518] [main/WARN] [mixin/]: Reference map 'snowrealmagic.refmap.json' for snowrealmagic.mixins.json could not be read. If this is a development environment you can ignore this message
[23Aug2026 16:44:09.518] [main/WARN] [mixin/]: Reference map 'prickle.refmap.json' for prickle.mixins.json could not be read. If this is a development environment you can ignore this message
[23Aug2026 16:44:09.519] [main/INFO] [C2ME Modules Manager/]: Initializing com.ishland.c2me.base.mixin
[23Aug2026 16:44:09.522] [main/INFO] [C2ME Config System/]: Config threadPoolPriority changed from 4 to 3
[23Aug2026 16:44:09.672] [main/INFO] [C2ME Config System/]: Config globalExecutorParallelism changed from 3 to 2
[23Aug2026 16:44:09.673] [main/INFO] [C2ME Config System/]: Global Executor Parallelism: 2 configured, 3 evaluated, 3 default evaluated
[23Aug2026 16:44:09.686] [main/INFO] [C2ME Modules Manager/]: Initializing com.ishland.c2me.opts.dfc.mixin
[23Aug2026 16:44:09.686] [main/INFO] [C2ME Config System/]: Config vanillaWorldGenOptimizations.useDensityFunctionCompiler changed from true to false
[23Aug2026 16:44:09.687] [main/INFO] [C2ME Modules Manager/]: Disabling com.ishland.c2me.opts.dfc.mixin
[23Aug2026 16:44:09.688] [main/WARN] [mixin/]: Reference map 'curios.refmap.json' for curios.neoforge.mixins.json could not be read. If this is a development environment you can ignore this message
[23Aug2026 16:44:09.688] [main/WARN] [mixin/]: Reference map 'curios.refmap.json' for curios.mixins.json could not be read. If this is a development environment you can ignore this message
[23Aug2026 16:44:09.691] [main/WARN] [mixin/]: Reference map 'ancient_tome.refmap.json' for mixins.tf_dnv.json could not be read. If this is a development environment you can ignore this message
[23Aug2026 16:44:09.693] [main/WARN] [mixin/]: Reference map '' for accessories-common.mixins.json could not be read. If this is a development environment you can ignore this message
[23Aug2026 16:44:09.695] [main/WARN] [mixin/]: Reference map '' for accessories-forge.mixins.json could not be read. If this is a development environment you can ignore this message
[23Aug2026 16:44:09.696] [main/WARN] [mixin/]: Reference map 'cumulus_menus.refmap.json' for cumulus_menus.mixins.json could not be read. If this is a development environment you can ignore this message
[23Aug2026 16:44:09.696] [main/WARN] [mixin/]: Reference map 'cumulus_menus.refmap.json' for cumulus_menus.neoforge.mixins.json could not be read. If this is a development environment you can ignore this message
[23Aug2026 16:44:09.697] [main/WARN] [mixin/]: Reference map 'nitrogen_internals.refmap.json' for nitrogen_internals.mixins.json could not be read. If this is a development environment you can ignore this message
[23Aug2026 16:44:09.698] [main/WARN] [mixin/]: Reference map 'ghosts.refmap.json' for ghosts.mixins.json could not be read. If this is a development environment you can ignore this message
[23Aug2026 16:44:09.699] [main/WARN] [mixin/]: Reference map 'playerrevive.mixin.refmap.json' for playerrevive.mixins.json could not be read. If this is a development environment you can ignore this message
[23Aug2026 16:44:09.701] [main/WARN] [mixin/]: Reference map 'kiwi.refmap.json' for kiwi.mixins.json could not be read. If this is a development environment you can ignore this message
[23Aug2026 16:44:09.702] [main/WARN] [mixin/]: Reference map 'mowziesmobs.refmap.json' for mowziesmobs.mixins.json could not be read. If this is a development environment you can ignore this message
[23Aug2026 16:44:09.702] [main/INFO] [C2ME Modules Manager/]: Initializing com.ishland.c2me.threading.lighting.mixin
[23Aug2026 16:44:09.705] [main/WARN] [mixin/]: Reference map 'fastasyncworldsave.refmap.json' for fastasyncworldsave.mixins.json could not be read. If this is a development environment you can ignore this message
[23Aug2026 16:44:09.706] [main/INFO] [C2ME Modules Manager/]: Initializing com.ishland.c2me.rewrites.chunksystem.mixin
[23Aug2026 16:44:09.707] [main/INFO] [C2ME Config System/]: Config chunkSystem.asyncSerialization changed from true to true
[23Aug2026 16:44:09.707] [main/INFO] [C2ME Config System/]: Config chunkSystem.recoverFromErrors changed from false to true
[23Aug2026 16:44:09.708] [main/INFO] [C2ME Config System/]: Config chunkSystem.allowPOIUnloading changed from true to true
[23Aug2026 16:44:09.708] [main/INFO] [C2ME Config System/]: Disabling config chunkSystem.suppressGhostMushrooms: Incompatible with twilightforest@4.8.3345 (*) (defined in c2me)
[23Aug2026 16:44:09.708] [main/INFO] [C2ME Config System/]: Config chunkSystem.suppressGhostMushrooms changed from true to false
[23Aug2026 16:44:09.708] [main/INFO] [C2ME Config System/]: Config chunkSystem.syncPlayerTickets changed from true to true
[23Aug2026 16:44:09.709] [main/INFO] [C2ME Config System/]: Config chunkSystem.delayFullChunkEvents changed from true to true
[23Aug2026 16:44:09.711] [main/INFO] [C2ME Modules Manager/]: Initializing com.ishland.c2me.opts.worldgen.vanilla.mixin
[23Aug2026 16:44:09.712] [main/INFO] [C2ME Modules Manager/]: Initializing com.ishland.c2me.opts.scheduling.mixin
[23Aug2026 16:44:09.714] [main/WARN] [mixin/]: Reference map 'trimmed.refmap.json' for trimmed.mixins.json could not be read. If this is a development environment you can ignore this message
[23Aug2026 16:44:09.715] [main/WARN] [mixin/]: Reference map 'trimmed.refmap.json' for trimmed.neo.mixins.json could not be read. If this is a development environment you can ignore this message
[23Aug2026 16:44:09.716] [main/WARN] [mixin/]: Reference map 'smoothchunk.refmap.json' for smoothchunk.mixins.json could not be read. If this is a development environment you can ignore this message
[23Aug2026 16:44:09.716] [main/WARN] [mixin/]: Reference map 'overweight_farming.refmap.json' for overweight_farming.mixins.json could not be read. If this is a development environment you can ignore this message
[23Aug2026 16:44:09.717] [main/WARN] [mixin/]: Reference map 'terrablender.refmap.json' for terrablender.mixins.json could not be read. If this is a development environment you can ignore this message
[23Aug2026 16:44:09.717] [main/WARN] [mixin/]: Reference map 'terrablender.refmap.json' for terrablender_neoforge.mixins.json could not be read. If this is a development environment you can ignore this message
[23Aug2026 16:44:09.718] [main/WARN] [mixin/]: Reference map 'fdlib.refmap.json' for fdlib.mixins.json could not be read. If this is a development environment you can ignore this message
[23Aug2026 16:44:09.719] [main/WARN] [mixin/]: Reference map 'knightquest.refmap.json' for knightquest.mixins.json could not be read. If this is a development environment you can ignore this message
[23Aug2026 16:44:09.767] [main/WARN] [mixin/]: Reference map 'securitycraft.refmap.json' for securitycraft.mixins.json could not be read. If this is a development environment you can ignore this message
[23Aug2026 16:44:09.767] [main/INFO] [C2ME Modules Manager/]: Initializing com.ishland.c2me.notickvd.mixin
[23Aug2026 16:44:09.791] [main/INFO] [C2ME Config System/]: Config noTickViewDistance.maxConcurrentChunkLoads changed from 6 to 4
[23Aug2026 16:44:09.798] [main/WARN] [mixin/]: Reference map 'skyarena.refmap.json' for skyarena.mixins.json could not be read. If this is a development environment you can ignore this message
[23Aug2026 16:44:09.811] [main/WARN] [mixin/]: Reference map 'chunksending.refmap.json' for chunksending.mixins.json could not be read. If this is a development environment you can ignore this message
[23Aug2026 16:44:09.811] [main/WARN] [mixin/]: Reference map 'mixins.medieval_nether.refmap.json' for mixins.medieval_nether.json could not be read. If this is a development environment you can ignore this message
[23Aug2026 16:44:09.815] [main/WARN] [mixin/]: Reference map 'geckolib.refmap.json' for geckolib.mixins.json could not be read. If this is a development environment you can ignore this message
[23Aug2026 16:44:09.817] [main/WARN] [mixin/]: Reference map 'recipeessentials.refmap.json' for recipeessentials.mixins.json could not be read. If this is a development environment you can ignore this message
[23Aug2026 16:44:09.851] [main/WARN] [mixin/]: Reference map 'aether.refmap.json' for aether.mixins.json could not be read. If this is a development environment you can ignore this message
[23Aug2026 16:44:09.852] [main/INFO] [C2ME Modules Manager/]: Initializing com.ishland.c2me.opts.natives_math.mixin
[23Aug2026 16:44:09.854] [main/WARN] [C2ME Modules Manager/]: Disabling com.ishland.c2me.opts.natives_math.mixin due to incompatible Java version, see debug logs for details
[23Aug2026 16:44:09.854] [main/INFO] [C2ME Modules Manager/]: Disabling com.ishland.c2me.opts.natives_math.mixin
[23Aug2026 16:44:09.857] [main/WARN] [mixin/]: Reference map 'connectivity.refmap.json' for connectivity.mixins.json could not be read. If this is a development environment you can ignore this message
[23Aug2026 16:44:09.858] [main/WARN] [mixin/]: Reference map 'kaleidoscope_tavern.refmap.json' for kaleidoscope_tavern.mixins.json could not be read. If this is a development environment you can ignore this message
[23Aug2026 16:44:09.858] [main/WARN] [mixin/]: Reference map 'piglinproliferation.refmap.json' for piglinproliferation.mixins.json could not be read. If this is a development environment you can ignore this message
[23Aug2026 16:44:09.859] [main/WARN] [mixin/]: Reference map 'citadel.refmap.json' for citadel.mixins.json could not be read. If this is a development environment you can ignore this message
[23Aug2026 16:44:09.860] [main/WARN] [mixin/]: Reference map 'bookshelf.refmap.json' for bookshelf.mixins.json could not be read. If this is a development environment you can ignore this message
[23Aug2026 16:44:09.860] [main/INFO] [C2ME Modules Manager/]: Initializing com.ishland.c2me.opts.math.mixin
[23Aug2026 16:44:09.862] [main/WARN] [mixin/]: Reference map 'mythrais.refmap.json' for mixins/mythrais.mixins.json could not be read. If this is a development environment you can ignore this message
[23Aug2026 16:44:09.864] [main/WARN] [mixin/]: Reference map 'mythrais.refmap.json' for mixins/mythrais.worldedit.mixins.json could not be read. If this is a development environment you can ignore this message
[23Aug2026 16:44:09.866] [main/WARN] [mixin/]: Reference map 'takesapillage.refmap.json' for takesapillage-common.mixins.json could not be read. If this is a development environment you can ignore this message
[23Aug2026 16:44:09.866] [main/WARN] [mixin/]: Reference map 'takesapillage.refmap.json' for takesapillage-neoforge.mixins.json could not be read. If this is a development environment you can ignore this message
[23Aug2026 16:44:09.867] [main/WARN] [mixin/]: Reference map 'mixins.medieval_buildings.refmap.json' for mixins.medieval_buildings.json could not be read. If this is a development environment you can ignore this message
[23Aug2026 16:44:09.868] [main/WARN] [mixin/]: Reference map 'shieldexp.refmap.json' for shieldexp.mixins.json could not be read. If this is a development environment you can ignore this message
[23Aug2026 16:44:09.868] [main/WARN] [mixin/]: Reference map 'shieldexp.refmap.json' for shieldexp.neoforge.mixins.json could not be read. If this is a development environment you can ignore this message
[23Aug2026 16:44:09.868] [main/WARN] [mixin/]: Reference map 'raidsenhanced.refmap.json' for raidsenhanced.mixins.json could not be read. If this is a development environment you can ignore this message
[23Aug2026 16:44:09.869] [main/INFO] [C2ME Modules Manager/]: Initializing com.ishland.c2me.fixes.worldgen.vanilla_bugs.mixin
[23Aug2026 16:44:09.873] [main/WARN] [mixin/]: Reference map 'faewulf_lib.refmap.json' for faewulf_lib.mixins.json could not be read. If this is a development environment you can ignore this message
[23Aug2026 16:44:09.874] [main/WARN] [mixin/]: Reference map 'faewulf_lib.refmap.json' for faewulf_lib.client.mixins.json could not be read. If this is a development environment you can ignore this message
[23Aug2026 16:44:09.874] [main/INFO] [C2ME Modules Manager/]: Initializing com.ishland.c2me.fixes.chunkio.threading_issues.mixin
[23Aug2026 16:44:09.876] [main/WARN] [mixin/]: Reference map 'endrem.refmap.json' for endrem.mixins.json could not be read. If this is a development environment you can ignore this message
[23Aug2026 16:44:09.877] [main/WARN] [mixin/]: Reference map 'perf_tweaks.refmap.json' for perf_tweaks.mixins.json could not be read. If this is a development environment you can ignore this message
[23Aug2026 16:44:09.877] [main/INFO] [C2ME Modules Manager/]: Initializing com.ishland.c2me.client.uncapvd.mixin
[23Aug2026 16:44:09.879] [main/WARN] [mixin/]: Reference map 'leaky.refmap.json' for leaky.mixins.json could not be read. If this is a development environment you can ignore this message
[23Aug2026 16:44:09.887] [main/WARN] [mixin/]: Reference map 'watervision.mixin-refmap.json' for watervision.mixin.json could not be read. If this is a development environment you can ignore this message
[23Aug2026 16:44:09.895] [main/WARN] [mixin/]: Reference map 'piggyback.refmap.json' for piggyback.mixins.json could not be read. If this is a development environment you can ignore this message
[23Aug2026 16:44:09.896] [main/WARN] [mixin/]: Reference map 'piggyback.refmap.json' for piggyback.client.mixins.json could not be read. If this is a development environment you can ignore this message
[23Aug2026 16:44:09.896] [main/WARN] [mixin/]: Reference map 'piggyback.refmap.json' for piggyback.compat.mixins.json could not be read. If this is a development environment you can ignore this message
[23Aug2026 16:44:09.897] [main/WARN] [mixin/]: Reference map 'moogs_structures.refmap.json' for moogs_structures-common.mixins.json could not be read. If this is a development environment you can ignore this message
[23Aug2026 16:44:09.897] [main/INFO] [C2ME Modules Manager/]: Initializing com.ishland.c2me.rewrites.chunkio.mixin
[23Aug2026 16:44:09.899] [main/INFO] [C2ME Modules Manager/]: Initializing com.ishland.c2me.opts.allocs.mixin
[23Aug2026 16:44:09.941] [main/WARN] [mixin/]: Reference map 'limitedchunks.refmap.json' for limitedchunks.mixins.json could not be read. If this is a development environment you can ignore this message
[23Aug2026 16:44:09.946] [main/WARN] [mixin/]: Reference map 'yungscavebiomes.refmap.json' for yungscavebiomes.mixins.json could not be read. If this is a development environment you can ignore this message
[23Aug2026 16:44:09.946] [main/WARN] [mixin/]: Reference map 'yungscavebiomes.refmap.json' for yungscavebiomes_neoforge.mixins.json could not be read. If this is a development environment you can ignore this message
[23Aug2026 16:44:09.947] [main/WARN] [mixin/]: Reference map 'knightlib.refmap.json' for knightlib.mixins.json could not be read. If this is a development environment you can ignore this message
[23Aug2026 16:44:09.948] [main/WARN] [mixin/]: Reference map 'blueprint.refmap.json' for blueprint.mixins.json could not be read. If this is a development environment you can ignore this message
[23Aug2026 16:44:09.948] [main/WARN] [mixin/]: Reference map 'autumnity.refmap.json' for autumnity.mixins.json could not be read. If this is a development environment you can ignore this message
[23Aug2026 16:44:09.949] [main/WARN] [mixin/]: Reference map 'alexscaves.refmap.json' for alexscaves.mixins.json could not be read. If this is a development environment you can ignore this message
[23Aug2026 16:44:09.951] [main/WARN] [mixin/]: Reference map 'enchdesc.refmap.json' for enchdesc.mixins.json could not be read. If this is a development environment you can ignore this message
[23Aug2026 16:44:09.954] [main/WARN] [mixin/]: Reference map 'creativecore.mixins.refmap.json' for creativecore.mixins.json could not be read. If this is a development environment you can ignore this message
[23Aug2026 16:44:09.955] [main/WARN] [mixin/]: Reference map 'creativecore.mixins.refmap.json' for creativecore.forge.mixins.json could not be read. If this is a development environment you can ignore this message
[23Aug2026 16:44:09.958] [main/INFO] [C2ME Modules Manager/]: Initializing com.ishland.c2me.server.utils.mixin
[23Aug2026 16:44:09.960] [main/WARN] [mixin/]: Reference map 'ribbits.refmap.json' for ribbits.mixins.json could not be read. If this is a development environment you can ignore this message
[23Aug2026 16:44:09.961] [main/WARN] [mixin/]: Reference map 'ribbits.refmap.json' for ribbits_neoforge.mixins.json could not be read. If this is a development environment you can ignore this message
[23Aug2026 16:44:09.962] [main/INFO] [C2ME Modules Manager/]: Initializing com.ishland.c2me.opts.worldgen.general.mixin
[23Aug2026 16:44:09.964] [main/INFO] [C2ME Modules Manager/]: Initializing com.ishland.c2me.opts.chunkio.mixin
[23Aug2026 16:44:09.983] [main/WARN] [mixin/]: Reference map '${refmap_target}refmap.json' for ferritecore.predicates.mixin.json could not be read. If this is a development environment you can ignore this message
[23Aug2026 16:44:09.985] [main/WARN] [mixin/]: Reference map '${refmap_target}refmap.json' for ferritecore.fastmap.mixin.json could not be read. If this is a development environment you can ignore this message
[23Aug2026 16:44:09.987] [main/WARN] [mixin/]: Reference map '${refmap_target}refmap.json' for ferritecore.mrl.mixin.json could not be read. If this is a development environment you can ignore this message
[23Aug2026 16:44:09.988] [main/WARN] [mixin/]: Reference map '${refmap_target}refmap.json' for ferritecore.dedupmultipart.mixin.json could not be read. If this is a development environment you can ignore this message
[23Aug2026 16:44:09.990] [main/WARN] [mixin/]: Reference map '${refmap_target}refmap.json' for ferritecore.blockstatecache.mixin.json could not be read. If this is a development environment you can ignore this message
[23Aug2026 16:44:09.991] [main/WARN] [mixin/]: Reference map '${refmap_target}refmap.json' for ferritecore.dedupbakedquad.mixin.json could not be read. If this is a development environment you can ignore this message
[23Aug2026 16:44:09.993] [main/WARN] [mixin/]: Reference map '${refmap_target}refmap.json' for ferritecore.threaddetec.mixin.json could not be read. If this is a development environment you can ignore this message
[23Aug2026 16:44:09.994] [main/WARN] [mixin/]: Reference map '${refmap_target}refmap.json' for ferritecore.modelsides.mixin.json could not be read. If this is a development environment you can ignore this message
[23Aug2026 16:44:09.995] [main/WARN] [mixin/]: Reference map '${refmap_target}refmap.json' for ferritecore.datacomponents.mixin.json could not be read. If this is a development environment you can ignore this message
[23Aug2026 16:44:09.996] [main/WARN] [mixin/]: Reference map '${refmap_target}refmap.json' for ferritecore.accessors.mixin.json could not be read. If this is a development environment you can ignore this message
[23Aug2026 16:44:09.996] [main/WARN] [mixin/]: Reference map 'yet_another_config_lib_v3.refmap.json' for yacl.mixins.json could not be read. If this is a development environment you can ignore this message
[23Aug2026 16:44:09.997] [main/WARN] [mixin/]: Reference map 'charmofundying.refmap.json' for charmofundying.mixins.json could not be read. If this is a development environment you can ignore this message
[23Aug2026 16:44:09.998] [main/WARN] [mixin/]: Reference map 'lodestone.refmap.json' for lodestone.mixins.json could not be read. If this is a development environment you can ignore this message
[23Aug2026 16:44:10.817] [main/ERROR] [net.neoforged.fml.common.asm.RuntimeDistCleaner/DISTXFORM]: Attempted to load class net/minecraft/client/gui/Gui for invalid dist DEDICATED_SERVER
[23Aug2026 16:44:10.819] [main/WARN] [mixin/]: Error loading class: net/minecraft/client/gui/Gui (java.lang.RuntimeException: Attempted to load class net/minecraft/client/gui/Gui for invalid dist DEDICATED_SERVER)
[23Aug2026 16:44:10.820] [main/WARN] [mixin/]: @Mixin target net.minecraft.client.gui.Gui was not found alexsmobs.mixins.json:client.GuiMixin from mod alexsmobs
[23Aug2026 16:44:10.824] [main/ERROR] [net.neoforged.fml.common.asm.RuntimeDistCleaner/DISTXFORM]: Attempted to load class net/minecraft/client/model/HumanoidModel for invalid dist DEDICATED_SERVER
[23Aug2026 16:44:10.825] [main/WARN] [mixin/]: Error loading class: net/minecraft/client/model/HumanoidModel (java.lang.RuntimeException: Attempted to load class net/minecraft/client/model/HumanoidModel for invalid dist DEDICATED_SERVER)
[23Aug2026 16:44:10.825] [main/WARN] [mixin/]: @Mixin target net.minecraft.client.model.HumanoidModel was not found alexsmobs.mixins.json:client.HumanoidModelMixin from mod alexsmobs
[23Aug2026 16:44:10.827] [main/ERROR] [net.neoforged.fml.common.asm.RuntimeDistCleaner/DISTXFORM]: Attempted to load class net/minecraft/client/renderer/ItemBlockRenderTypes for invalid dist DEDICATED_SERVER
[23Aug2026 16:44:10.828] [main/WARN] [mixin/]: Error loading class: net/minecraft/client/renderer/ItemBlockRenderTypes (java.lang.RuntimeException: Attempted to load class net/minecraft/client/renderer/ItemBlockRenderTypes for invalid dist DEDICATED_SERVER)
[23Aug2026 16:44:10.828] [main/WARN] [mixin/]: @Mixin target net.minecraft.client.renderer.ItemBlockRenderTypes was not found alexsmobs.mixins.json:client.ItemBlockRenderTypesMixin from mod alexsmobs
[23Aug2026 16:44:10.846] [main/ERROR] [net.neoforged.fml.common.asm.RuntimeDistCleaner/DISTXFORM]: Attempted to load class net/minecraft/client/renderer/LevelRenderer for invalid dist DEDICATED_SERVER
[23Aug2026 16:44:10.848] [main/WARN] [mixin/]: Error loading class: net/minecraft/client/renderer/LevelRenderer (java.lang.RuntimeException: Attempted to load class net/minecraft/client/renderer/LevelRenderer for invalid dist DEDICATED_SERVER)
[23Aug2026 16:44:10.849] [main/WARN] [mixin/]: @Mixin target net.minecraft.client.renderer.LevelRenderer was not found alexsmobs.mixins.json:client.LevelRendererMixin from mod alexsmobs
[23Aug2026 16:44:10.853] [main/ERROR] [net.neoforged.fml.common.asm.RuntimeDistCleaner/DISTXFORM]: Attempted to load class net/minecraft/client/multiplayer/ClientLevel for invalid dist DEDICATED_SERVER
[23Aug2026 16:44:10.856] [main/WARN] [mixin/]: Error loading class: net/minecraft/client/multiplayer/ClientLevel (java.lang.RuntimeException: Attempted to load class net/minecraft/client/multiplayer/ClientLevel for invalid dist DEDICATED_SERVER)
[23Aug2026 16:44:10.857] [main/WARN] [mixin/]: @Mixin target net.minecraft.client.multiplayer.ClientLevel was not found alexsmobs.mixins.json:client.ClientLevelMixin from mod alexsmobs
[23Aug2026 16:44:10.862] [main/ERROR] [net.neoforged.fml.common.asm.RuntimeDistCleaner/DISTXFORM]: Attempted to load class net/minecraft/client/Camera for invalid dist DEDICATED_SERVER
[23Aug2026 16:44:10.863] [main/WARN] [mixin/]: Error loading class: net/minecraft/client/Camera (java.lang.RuntimeException: Attempted to load class net/minecraft/client/Camera for invalid dist DEDICATED_SERVER)
[23Aug2026 16:44:10.863] [main/WARN] [mixin/]: @Mixin target net.minecraft.client.Camera was not found alexsmobs.mixins.json:client.CameraMixin from mod alexsmobs
[23Aug2026 16:44:11.268] [main/INFO] [KryptonFNP MixinBootstrap/]: Mixin one.pkg.kfnp.mixin.network.experimental.RconClientMixin disabled
[23Aug2026 16:44:11.268] [main/INFO] [KryptonFNP MixinBootstrap/]: Mixin one.pkg.kfnp.mixin.network.microopt.ServerEntityMixin enabled
[23Aug2026 16:44:11.269] [main/INFO] [KryptonFNP MixinBootstrap/]: Mixin one.pkg.kfnp.mixin.network.microopt.Utf8StringMixin enabled
[23Aug2026 16:44:11.270] [main/INFO] [KryptonFNP MixinBootstrap/]: Mixin one.pkg.kfnp.mixin.network.microopt.VarIntMixin enabled
[23Aug2026 16:44:11.271] [main/INFO] [KryptonFNP MixinBootstrap/]: Mixin one.pkg.kfnp.mixin.network.microopt.VarLongMixin enabled
[23Aug2026 16:44:11.271] [main/INFO] [KryptonFNP MixinBootstrap/]: Mixin one.pkg.kfnp.mixin.network.pipeline.LegacyQueryHandlerMixin enabled
[23Aug2026 16:44:11.272] [main/INFO] [KryptonFNP MixinBootstrap/]: Mixin one.pkg.kfnp.mixin.network.pipeline.Varint21FrameDecoderMixin enabled
[23Aug2026 16:44:11.272] [main/INFO] [KryptonFNP MixinBootstrap/]: Mixin one.pkg.kfnp.mixin.network.pipeline.compression.ConnectionMixin enabled
[23Aug2026 16:44:11.272] [main/INFO] [KryptonFNP MixinBootstrap/]: Mixin one.pkg.kfnp.mixin.network.pipeline.encryption.ConnectionMixin enabled
[23Aug2026 16:44:11.273] [main/INFO] [KryptonFNP MixinBootstrap/]: Mixin one.pkg.kfnp.mixin.network.pipeline.encryption.ServerLoginPacketListenerImplMixin enabled
[23Aug2026 16:44:11.273] [main/INFO] [KryptonFNP MixinBootstrap/]: Mixin one.pkg.kfnp.mixin.network.pipeline.prepender.ConnectionMixin enabled
[23Aug2026 16:44:11.276] [main/INFO] [KryptonFNP MixinBootstrap/]: Mixin one.pkg.kfnp.mixin.network.thread.ServerLoginPacketListenerImplMixin enabled
[23Aug2026 16:44:11.409] [main/WARN] [mixin/]: Error loading class: fuzs/diagonalblocks/world/phys/shapes/VoxelCollection (java.lang.ClassNotFoundException: fuzs.diagonalblocks.world.phys.shapes.VoxelCollection)
[23Aug2026 16:44:11.409] [main/WARN] [mixin/]: @Mixin target fuzs.diagonalblocks.world.phys.shapes.VoxelCollection was not found snowrealmagic.mixins.json:diagonalblocks.VoxelCollectionAccess from mod snowrealmagic
[23Aug2026 16:44:11.410] [main/WARN] [mixin/]: Error loading class: sereneseasons/season/RandomUpdateHandler (java.lang.ClassNotFoundException: sereneseasons.season.RandomUpdateHandler)
[23Aug2026 16:44:11.411] [main/WARN] [mixin/]: @Mixin target sereneseasons.season.RandomUpdateHandler was not found snowrealmagic.mixins.json:sereneseasons.RandomUpdateHandlerMixin from mod snowrealmagic
[23Aug2026 16:44:11.758] [main/ERROR] [net.neoforged.fml.common.asm.RuntimeDistCleaner/DISTXFORM]: Attempted to load class net/minecraft/client/multiplayer/ClientLevel for invalid dist DEDICATED_SERVER
[23Aug2026 16:44:11.761] [main/WARN] [mixin/]: Error loading class: net/minecraft/client/multiplayer/ClientLevel (java.lang.RuntimeException: Attempted to load class net/minecraft/client/multiplayer/ClientLevel for invalid dist DEDICATED_SERVER)
[23Aug2026 16:44:11.762] [main/WARN] [mixin/]: @Mixin target net.minecraft.client.multiplayer.ClientLevel was not found astikorcartsredux.mixins.json:ClientLevelMixin from mod astikorcartsredux
[23Aug2026 16:44:11.769] [main/ERROR] [net.neoforged.fml.common.asm.RuntimeDistCleaner/DISTXFORM]: Attempted to load class net/minecraft/client/multiplayer/ClientPacketListener for invalid dist DEDICATED_SERVER
[23Aug2026 16:44:11.772] [main/WARN] [mixin/]: Error loading class: net/minecraft/client/multiplayer/ClientPacketListener (java.lang.RuntimeException: Attempted to load class net/minecraft/client/multiplayer/ClientPacketListener for invalid dist DEDICATED_SERVER)
[23Aug2026 16:44:11.772] [main/WARN] [mixin/]: @Mixin target net.minecraft.client.multiplayer.ClientPacketListener was not found astikorcartsredux.mixins.json:ClientPacketListenerMixin from mod astikorcartsredux
[23Aug2026 16:44:11.885] [main/WARN] [mixin/]: Error loading class: jeresources/api/util/BiomeHelper (java.lang.ClassNotFoundException: jeresources.api.util.BiomeHelper)
[23Aug2026 16:44:11.886] [main/WARN] [mixin/]: Error loading class: yalter/mousetweaks/Main (java.lang.ClassNotFoundException: yalter.mousetweaks.Main)
[23Aug2026 16:44:12.217] [main/INFO] [C2ME Config System/]: Config vanillaWorldGenOptimizations.optimizeAquifer changed from true to false
[23Aug2026 16:44:12.217] [main/INFO] [C2ME Config System/]: Disabling config vanillaWorldGenOptimizations.useEndBiomeCache: Incompatible with biolith@3.0.10 (*) (defined in c2me)
[23Aug2026 16:44:12.217] [main/INFO] [C2ME Config System/]: Config vanillaWorldGenOptimizations.useEndBiomeCache changed from true to false
[23Aug2026 16:44:12.217] [main/INFO] [C2ME Config System/]: Disabling config vanillaWorldGenOptimizations.optimizeStructureWeightSampler: Incompatible with twilightforest@4.8.3345 (*) (defined in c2me)
[23Aug2026 16:44:12.226] [main/WARN] [mixin/]: Error loading class: traben/entity_model_features/models/animation/EMFAnimationEntityContext (java.lang.ClassNotFoundException: traben.entity_model_features.models.animation.EMFAnimationEntityContext)
[23Aug2026 16:44:12.294] [main/WARN] [mixin/]: Error loading class: net/minecraft/client/player/KeyboardInput (java.lang.ClassNotFoundException: net.minecraft.client.player.KeyboardInput)
[23Aug2026 16:44:12.295] [main/WARN] [mixin/]: @Mixin target net.minecraft.client.player.KeyboardInput was not found fdlib.mixins.json:KeyboardInputMixin from mod fdlib
[23Aug2026 16:44:12.304] [main/INFO] [AllTheLeaks/]: Class dev.uncandango.alltheleaks.leaks.common.mods.supplementaries.UntrackedIssue002 will be loaded as it matches versions: 1.21.1-3.9.1 in [1.21-3.5.0,)
[23Aug2026 16:44:12.305] [main/INFO] [AllTheLeaks/]: Class dev.uncandango.alltheleaks.leaks.common.mods.neoforge.Issue1486 will be loaded as it matches versions: 21.1.248 in [21.,)
[23Aug2026 16:44:12.305] [main/INFO] [AllTheLeaks/]: Class dev.uncandango.alltheleaks.leaks.common.mods.minecraft.UntrackedIssue003 will be loaded as it matches versions: 1.21.1 in [1.21.1,1.21.1]
[23Aug2026 16:44:12.305] [main/INFO] [AllTheLeaks/]: Mixins added to allowed list: [main.DebugSampleSubscriptionTrackerMixin]
[23Aug2026 16:44:12.305] [main/INFO] [AllTheLeaks/]: Class dev.uncandango.alltheleaks.leaks.common.mods.minecraft.UntrackedIssue002 will be loaded as it matches versions: 1.21.1 in 1.21.1
[23Aug2026 16:44:12.305] [main/INFO] [AllTheLeaks/]: Class dev.uncandango.alltheleaks.leaks.common.mods.minecraft.UntrackedIssue001 will be loaded as it matches versions: 1.21.1 in 1.21.1
[23Aug2026 16:44:12.306] [main/INFO] [AllTheLeaks/]: Mixins added to allowed list: [main.EntityTickListMixin]
[23Aug2026 16:44:12.306] [main/INFO] [AllTheLeaks/]: Class dev.uncandango.alltheleaks.leaks.common.mods.geckolib.UntrackedIssue001 will be loaded as it matches versions: 4.9.2 in *
[23Aug2026 16:44:12.306] [main/INFO] [AllTheLeaks/]: Mixins added to allowed list: [main.SingletonGeoAnimatableMixin]
[23Aug2026 16:44:12.307] [main/INFO] [AllTheLeaks/]: Class dev.uncandango.alltheleaks.leaks.common.mods.curios.Issue22 will be loaded as it matches versions: 9.5.1+1.21.1 in [9.0.6,)
[23Aug2026 16:44:12.307] [main/INFO] [AllTheLeaks/]: Mixins added to allowed list: [main.CuriosEventHandlerMixin]
[23Aug2026 16:44:12.307] [main/INFO] [AllTheLeaks/]: Class dev.uncandango.alltheleaks.leaks.common.mods.connectivity.UntrackedIssue001 will be loaded as it matches versions: 7.6 in [5.8,)
[23Aug2026 16:44:12.324] [main/INFO] [AllTheLeaks/]: Class dev.uncandango.alltheleaks.feature.common.mods.minecraft.SaveWithLoadedChunks will be loaded as it matches versions: 1.21.1 in 1.21.1
[23Aug2026 16:44:12.324] [main/INFO] [AllTheLeaks/]: Class dev.uncandango.alltheleaks.feature.common.mods.minecraft.MemoryMonitor will be loaded as it matches versions: 1.21.1 in 1.21.1
[23Aug2026 16:44:12.324] [main/INFO] [AllTheLeaks/]: Mixins added to allowed list: [main.PlayerMixin, main.ChunkAccessMixin, main.LevelMixin, main.MinecraftServerMixin]
[23Aug2026 16:44:12.325] [main/INFO] [AllTheLeaks/]: Class dev.uncandango.alltheleaks.diag.common.mods.minecraft.LogSavedData will be loaded as it matches versions: 21.1.248 in [21.1,)
[23Aug2026 16:44:12.325] [main/INFO] [AllTheLeaks/]: Mixins added to allowed list: [main.SavedDataMixin]
[23Aug2026 16:44:12.431] [main/WARN] [mixin/]: Error loading class: com/simibubi/create/content/schematics/SchematicPrinter (java.lang.ClassNotFoundException: com.simibubi.create.content.schematics.SchematicPrinter)
[23Aug2026 16:44:12.443] [main/WARN] [mixin/]: Error loading class: com/github/L_Ender/cataclysm/entity/InternalAnimationMonster/IABossMonsters/Ancient_Remnant/Ancient_Remnant_Entity (java.lang.ClassNotFoundException: com.github.L_Ender.cataclysm.entity.InternalAnimationMonster.IABossMonsters.Ancient_Remnant.Ancient_Remnant_Entity)
[23Aug2026 16:44:12.445] [main/WARN] [mixin/]: Error loading class: com/github/L_Ender/cataclysm/entity/AnimationMonster/BossMonsters/Ender_Guardian_Entity (java.lang.ClassNotFoundException: com.github.L_Ender.cataclysm.entity.AnimationMonster.BossMonsters.Ender_Guardian_Entity)
[23Aug2026 16:44:12.447] [main/WARN] [mixin/]: Error loading class: com/github/L_Ender/cataclysm/entity/InternalAnimationMonster/IABossMonsters/Maledictus/Maledictus_Entity (java.lang.ClassNotFoundException: com.github.L_Ender.cataclysm.entity.InternalAnimationMonster.IABossMonsters.Maledictus.Maledictus_Entity)
[23Aug2026 16:44:12.453] [main/WARN] [mixin/]: Error loading class: com/github/L_Ender/cataclysm/entity/InternalAnimationMonster/IABossMonsters/NewNetherite_Monstrosity/Netherite_Monstrosity_Entity (java.lang.ClassNotFoundException: com.github.L_Ender.cataclysm.entity.InternalAnimationMonster.IABossMonsters.NewNetherite_Monstrosity.Netherite_Monstrosity_Entity)
[23Aug2026 16:44:12.454] [main/WARN] [mixin/]: Error loading class: com/github/L_Ender/cataclysm/entity/InternalAnimationMonster/IABossMonsters/Scylla/Scylla_Entity (java.lang.ClassNotFoundException: com.github.L_Ender.cataclysm.entity.InternalAnimationMonster.IABossMonsters.Scylla.Scylla_Entity)
[23Aug2026 16:44:12.461] [main/WARN] [mixin/]: Error loading class: com/github/L_Ender/cataclysm/entity/AnimationMonster/BossMonsters/The_Harbinger_Entity (java.lang.ClassNotFoundException: com.github.L_Ender.cataclysm.entity.AnimationMonster.BossMonsters.The_Harbinger_Entity)
[23Aug2026 16:44:12.501] [main/INFO] [com.cupboard.Cupboard/]: Loaded config for: chunksending.json
[23Aug2026 16:44:12.518] [main/WARN] [com.recipeessentials.RecipeEssentials/]: Disabling fastItemComparison feature, due to the Owo mod's faulty implementation breaking it
[23Aug2026 16:44:12.520] [main/INFO] [com.cupboard.Cupboard/]: Loaded config for: recipeessentials.json
[23Aug2026 16:44:12.521] [main/WARN] [com.recipeessentials.RecipeEssentials/]: Disabling fastItemComparison feature, due to the Owo mod's faulty implementation breaking it
[23Aug2026 16:44:12.521] [main/WARN] [com.recipeessentials.RecipeEssentials/]: Disabling fastItemComparison feature, due to the Owo mod's faulty implementation breaking it
[23Aug2026 16:44:12.522] [main/WARN] [com.recipeessentials.RecipeEssentials/]: Disabling fastItemComparison feature, due to the Owo mod's faulty implementation breaking it
[23Aug2026 16:44:12.522] [main/WARN] [com.recipeessentials.RecipeEssentials/]: Disabling fastItemComparison feature, due to the Owo mod's faulty implementation breaking it
[23Aug2026 16:44:12.739] [main/WARN] [mixin/]: Error loading class: net/minecraft/client/OptionInstance (java.lang.ClassNotFoundException: net.minecraft.client.OptionInstance)
[23Aug2026 16:44:12.739] [main/WARN] [mixin/]: @Mixin target net.minecraft.client.OptionInstance was not found c2me-client-uncapvd.mixins.json:ISimpleOption from mod c2me_client_uncapvd
[23Aug2026 16:44:12.742] [main/ERROR] [net.neoforged.fml.common.asm.RuntimeDistCleaner/DISTXFORM]: Attempted to load class net/minecraft/client/Options for invalid dist DEDICATED_SERVER
[23Aug2026 16:44:12.744] [main/WARN] [mixin/]: Error loading class: net/minecraft/client/Options (java.lang.RuntimeException: Attempted to load class net/minecraft/client/Options for invalid dist DEDICATED_SERVER)
[23Aug2026 16:44:12.744] [main/WARN] [mixin/]: @Mixin target net.minecraft.client.Options was not found c2me-client-uncapvd.mixins.json:MixinGameOptions from mod c2me_client_uncapvd
[23Aug2026 16:44:12.748] [main/WARN] [mixin/]: Error loading class: me/jellysquid/mods/sodium/client/gui/SodiumGameOptionPages (java.lang.ClassNotFoundException: me.jellysquid.mods.sodium.client.gui.SodiumGameOptionPages)
[23Aug2026 16:44:12.749] [main/WARN] [mixin/]: Error loading class: net/caffeinemc/sodium/config/user/UserConfigCategories (java.lang.ClassNotFoundException: net.caffeinemc.sodium.config.user.UserConfigCategories)
[23Aug2026 16:44:12.751] [main/WARN] [mixin/]: Error loading class: net/caffeinemc/mods/sodium/client/gui/SodiumGameOptionPages (java.lang.ClassNotFoundException: net.caffeinemc.mods.sodium.client.gui.SodiumGameOptionPages)
[23Aug2026 16:44:12.754] [main/WARN] [mixin/]: Error loading class: net/vulkanmod/config/option/Options (java.lang.ClassNotFoundException: net.vulkanmod.config.option.Options)
[23Aug2026 16:44:12.771] [main/ERROR] [net.neoforged.fml.common.asm.RuntimeDistCleaner/DISTXFORM]: Attempted to load class net/minecraft/client/renderer/LevelRenderer for invalid dist DEDICATED_SERVER
[23Aug2026 16:44:12.772] [main/WARN] [mixin/]: Error loading class: net/minecraft/client/renderer/LevelRenderer (java.lang.RuntimeException: Attempted to load class net/minecraft/client/renderer/LevelRenderer for invalid dist DEDICATED_SERVER)
[23Aug2026 16:44:12.772] [main/WARN] [mixin/]: @Mixin target net.minecraft.client.renderer.LevelRenderer was not found c2me-client-uncapvd.mixins.json:rendering.MixinFogRenderer from mod c2me_client_uncapvd
[23Aug2026 16:44:13.554] [main/WARN] [mixin/]: Redundant @Unique on injector method netherexp$makeVoidsRender(Lnet/minecraft/world/level/block/state/BlockState;Lorg/spongepowered/asm/mixin/injection/callback/CallbackInfoReturnable;)V in netherexp.mixins.json:block.StructureVoidBlockMixin from mod netherexp. Injectors are implicitly unique
[23Aug2026 16:44:14.342] [main/INFO] [MixinExtras|Service/]: Initializing MixinExtras via com.llamalad7.mixinextras.service.MixinExtrasServiceImpl(version=0.5.3).
[23Aug2026 16:44:15.674] [main/INFO] [net.minecraft.server.Bootstrap/]: ModernFix reached bootstrap stage (18.40 s after launch)
[23Aug2026 16:44:16.513] [main/INFO] [ModernFix/]: Injecting BlockStateBase cache population hook into scalablelux$actuallyDynamicLightEmission from ca.spottedleaf.starlight.mixin.common.blockstate.BlockStateBaseMixin
[23Aug2026 16:44:16.514] [main/INFO] [ModernFix/]: Injecting BlockStateBase cache population hook into scalablelux$isConditionallyFullOpaque from ca.spottedleaf.starlight.mixin.common.blockstate.BlockStateBaseMixin
[23Aug2026 16:44:16.514] [main/INFO] [ModernFix/]: Injecting BlockStateBase cache population hook into scalablelux$getOpacityIfCached from ca.spottedleaf.starlight.mixin.common.blockstate.BlockStateBaseMixin
[23Aug2026 16:44:17.251] [main/WARN] [mixin/]: Method overwrite conflict for getCitadelEntityData in citadel.mixins.json:LivingEntityMixin from mod citadel, previously written by com.github.alexthe666.alexsmobs.mixin.LivingEntityMixin. Skipping method.
[23Aug2026 16:44:17.252] [main/WARN] [mixin/]: Method overwrite conflict for setCitadelEntityData in citadel.mixins.json:LivingEntityMixin from mod citadel, previously written by com.github.alexthe666.alexsmobs.mixin.LivingEntityMixin. Skipping method.
[23Aug2026 16:44:17.347] [main/WARN] [mixin/]: @Inject(@At("INVOKE")) Shift.BY=1 on crittersandcompanions.mixins.json:LivingEntityMixin from mod crittersandcompanions::handler$cnc000$crittersandcompanions$onDie exceeds the maximum allowed value: 0. Increase the value of maxShiftBy to suppress this warning.
[23Aug2026 16:44:18.222] [main/WARN] [mixin/]: Redundant @Unique on injector method netherexp$makeVoidsRender(Lnet/minecraft/world/level/block/state/BlockState;Lorg/spongepowered/asm/mixin/injection/callback/CallbackInfoReturnable;)V in netherexp.mixins.json:block.StructureVoidBlockMixin from mod netherexp. Injectors are implicitly unique
[23Aug2026 16:44:23.239] [main/WARN] [mixin/]: Mixin alexscaves.mixins.json:SwampHutPieceMixin from mod alexscaves has multiple constructors, <init>(Lnet/minecraft/world/level/levelgen/structure/pieces/StructurePieceType;IIIIIILnet/minecraft/core/Direction;)V was selected

[23Aug2026 16:44:23.948] [main/INFO] [net.minecraft.server.Bootstrap/]: Vanilla bootstrap took 8268 milliseconds
[23Aug2026 16:44:24.172] [modloading-worker-0/INFO] [Puzzles Lib/]: Constructing components for easyanvils:common
[23Aug2026 16:44:24.261] [modloading-worker-0/INFO] [net.neoforged.neoforge.common.NeoForgeMod/NEOFORGE-MOD]: NeoForge mod loading, version 21.1.248, for MC 1.21.1
[23Aug2026 16:44:24.275] [modloading-worker-0/INFO] [Puzzles Lib/]: Dispatching loading event for config easyanvils-common.toml
[23Aug2026 16:44:24.373] [modloading-worker-0/WARN] [alexsmobs/]: Duplicate setting name geladaMonkeySpawnRolls in both spawning and uniqueSpawning — only the first is reachable by name
[23Aug2026 16:44:24.417] [modloading-worker-0/WARN] [net.minecraft.server.packs.VanillaPackResourcesBuilder/]: Assets URL 'union:/workspaces/mtgfresafiio/servidor_minecraft/libraries/net/minecraft/server/1.21.1-20240808.144430/server-1.21.1-20240808.144430-srg.jar%23298!/assets/.mcassetsroot' uses unexpected schema
[23Aug2026 16:44:24.418] [modloading-worker-0/WARN] [net.minecraft.server.packs.VanillaPackResourcesBuilder/]: Assets URL 'union:/workspaces/mtgfresafiio/servidor_minecraft/libraries/net/minecraft/server/1.21.1-20240808.144430/server-1.21.1-20240808.144430-srg.jar%23298!/data/.mcassetsroot' uses unexpected schema
[23Aug2026 16:44:24.471] [modloading-worker-0/INFO] [ModSharedBootstrap/]: KryptonFNP is now accelerating your Minecraft server's networking stack 🚀
[23Aug2026 16:44:24.547] [modloading-worker-0/INFO] [ModSharedBootstrap/]: Compression will use libdeflate (Linux x86_64), encryption will use OpenSSL 3.x.x (Linux x86_64)
[23Aug2026 16:44:24.673] [modloading-worker-0/INFO] [biolith/]: Biolith for NeoForge is initializing...
[23Aug2026 16:44:24.679] [modloading-worker-0/INFO] [biolith/]: Enabling Biolith's TerraBlender compatibility layer.
[23Aug2026 16:44:24.809] [modloading-worker-0/INFO] [Moonlight/]: Sending changed configs to client
[23Aug2026 16:44:24.824] [modloading-worker-0/INFO] [Moonlight/]: Sending changed configs to client
[23Aug2026 16:44:24.925] [modloading-worker-0/INFO] [noisium/]: Loading Noisium.
[23Aug2026 16:44:25.694] [modloading-worker-0/WARN] [Supplementaries/]: Dye color white produced diffuse color -1 (white), this should never happen
[23Aug2026 16:44:25.926] [modloading-worker-0/INFO] [snownee.kiwi.Kiwi/INIT]: Processing 9 KiwiModule annotations
[23Aug2026 16:44:25.976] [modloading-worker-0/INFO] [cc.sighs.oelib.event.EventAutoRegistration/]: [EventAutoReg] Scanning 1 package(s) for event listeners...
[23Aug2026 16:44:26.000] [modloading-worker-0/INFO] [cc.sighs.oelib.event.EventAutoRegistration/]: [EventAutoReg] Registered 1 listener class(es).
[23Aug2026 16:44:26.097] [modloading-worker-0/INFO] [oelib/]: Loaded config oelib:dev_features from /workspaces/mtgfresafiio/servidor_minecraft/config/oelib/dev_features.toml
[23Aug2026 16:44:26.106] [modloading-worker-0/INFO] [oelib/]: Data registry initialized with 0 registered types
[23Aug2026 16:44:26.106] [modloading-worker-0/WARN] [oelib/]: MVEL2 not found in classpath. Expression engine will be disabled.
[23Aug2026 16:44:26.107] [modloading-worker-0/INFO] [oelib/]: Loaded config oelib:dev_features from /workspaces/mtgfresafiio/servidor_minecraft/config/oelib/dev_features.toml
[23Aug2026 16:44:26.989] [modloading-worker-0/INFO] [STDOUT/]: [codx.codxlib.CodxLibMod:commonInit:46]: codxlib: common init complete (v1.5.0).
[23Aug2026 16:44:27.019] [modloading-worker-0/INFO] [KnightLib/]: The following content usage has been enabled: COPPER_GRAILS
[23Aug2026 16:44:27.021] [modloading-worker-0/INFO] [KnightLib/]: The following content usage has been enabled: GREAT_CHALICE
[23Aug2026 16:44:27.021] [modloading-worker-0/INFO] [KnightLib/]: The following content usage has been enabled: GREEN_ESSENCES
[23Aug2026 16:44:27.024] [modloading-worker-0/INFO] [Ksyxis/MOD_KSYXIS]: Ksyxis: Loading... (platform: neoforge, version: 1.4.3, manual: false)
[23Aug2026 16:44:27.026] [modloading-worker-0/INFO] [Ksyxis/MOD_KSYXIS]: Ksyxis: Ready to remove unneeded chunks. (mixinVersion: 0.8.7, time: 1 ms)
[23Aug2026 16:44:27.087] [modloading-worker-0/INFO] [The-Lost-Castle/]: Lost Castle config loaded successfully
[23Aug2026 16:44:27.248] [modloading-worker-0/INFO] [Puzzles Lib/]: Constructing components for puzzleslib:common
[23Aug2026 16:44:27.600] [modloading-worker-0/INFO] [thedarkcolour.kotlinforforge.neoforge.test.KotlinForForge/]: Kotlin For Forge Enabled!
[23Aug2026 16:44:27.609] [modloading-worker-0/INFO] [CodecUI/]: Codec construction mixins inactive (Codec, MapCodec, RecordCodecBuilder) - expected on NeoForge; using reflective schema inference (numeric ranges recovered, optional-field defaults not).
[23Aug2026 16:44:27.783] [modloading-worker-0/INFO] [STDOUT/]: [com.vayns_skywhaleship.neoforge.NeoForgeEntrypoint:<init>:9]: Sky Whale Ship load
[23Aug2026 16:44:27.974] [modloading-worker-0/INFO] [Puzzles Lib/]: Constructing components for fastitemframes:common
[23Aug2026 16:44:28.279] [modloading-worker-0/INFO] [twilightforest.beanification.BeanContext/]: Starting Bean Context
[23Aug2026 16:44:28.363] [modloading-worker-0/INFO] [Faewulf's Lib/]: [Faewulf's Lib] Initializing...
[23Aug2026 16:44:28.365] [modloading-worker-0/INFO] [Faewulf's Lib/]: [Faewulf's Lib] Hello from Faewulf with <3
[23Aug2026 16:44:28.365] [modloading-worker-0/INFO] [Faewulf's Lib/]: [Faewulf's Lib] Init done
[23Aug2026 16:44:28.376] [modloading-worker-0/INFO] [End Remastered/]: End Remastered config loaded with success
[23Aug2026 16:44:28.388] [modloading-worker-0/INFO] [End Remastered/]: End Remastered eyes loaded with success
[23Aug2026 16:44:28.405] [modloading-worker-0/INFO] [perf_tweaks/]: Loaded config /workspaces/mtgfresafiio/servidor_minecraft/config/perf_tweaks/perf_tweaks.json
[23Aug2026 16:44:28.409] [modloading-worker-0/INFO] [perf_tweaks/]: Performance Tweaks initialized
[23Aug2026 16:44:28.453] [modloading-worker-0/OFF] [gobber2/]: gobber2 config settings json5 found
[23Aug2026 16:44:28.540] [modloading-worker-0/INFO] [com.alganaut.hominid.Hominid/]: Elk_Hastiness
[23Aug2026 16:44:28.850] [modloading-worker-0/INFO] [com.cupboard.Cupboard/]: Loaded config for: cupboard.json
[23Aug2026 16:44:28.856] [modloading-worker-0/INFO] [Piggyback/]: [Piggyback] Loading
[23Aug2026 16:44:28.856] [modloading-worker-0/INFO] [Piggyback/]: [Piggyback] Register commands...
[23Aug2026 16:44:28.918] [modloading-worker-0/INFO] [Piggyback/]: [Piggyback] Init done
[23Aug2026 16:44:28.940] [modloading-worker-0/INFO] [twilightforest.beanification.BeanContext/]: Bean Context loaded in 661 ms
[23Aug2026 16:44:29.048] [modloading-worker-0/INFO] [Towns and Towers/]: Loading T&T
[23Aug2026 16:44:29.053] [modloading-worker-0/INFO] [owo/]: I think that's not the only reason Spectrum isn't compatible with Quilt
[23Aug2026 16:44:29.102] [modloading-worker-0/INFO] [Puzzles Lib/]: Constructing components for easymagic:common
[23Aug2026 16:44:29.125] [modloading-worker-0/INFO] [Puzzles Lib/]: Dispatching loading event for config easymagic-common.toml
[23Aug2026 16:44:29.166] [modloading-worker-0/INFO] [Dungeon Crawl/]: Here we go! Launching Dungeon Crawl 2.3.17...
[23Aug2026 16:44:29.170] [modloading-worker-0/INFO] [blockpops/]: Initializing BlockPops mod
[23Aug2026 16:44:29.210] [modloading-worker-0/INFO] [blockpops/]: BlockPops mod initialization complete
[23Aug2026 16:44:29.228] [modloading-worker-0/INFO] [Moonlight/]: Sending changed configs to client
[23Aug2026 16:44:29.394] [modloading-worker-0/INFO] [YetAnotherConfigLib/]: Deserializing EnderscapeConfig from '/workspaces/mtgfresafiio/servidor_minecraft/config/enderscape.json5'
[23Aug2026 16:44:29.629] [modloading-worker-0/INFO] [YetAnotherConfigLib/]: Deserializing YACLConfig from '/workspaces/mtgfresafiio/servidor_minecraft/config/yacl.json5'
[23Aug2026 16:44:29.668] [modloading-worker-0/INFO] [net.bunten.enderscape.Enderscape/]: Enderscape initialized!
[23Aug2026 16:44:29.689] [modloading-worker-0/INFO] [org.admany.quantified.core.neoforge.QuantifiedCoreNeoForge/]: Configured LWJGL stack size to 64 MiB (67108864 bytes)
[23Aug2026 16:44:29.689] [modloading-worker-0/INFO] [org.admany.quantified.core.neoforge.QuantifiedCoreNeoForge/]: [Quantified] Quantified API starting
[23Aug2026 16:44:29.709] [modloading-worker-0/INFO] [org.admany.quantified.core.neoforge.QuantifiedCoreNeoForge/]: Loaded flat configuration from /workspaces/mtgfresafiio/servidor_minecraft/config/QuantifiedAPI/quantified_config.json
[23Aug2026 16:44:29.714] [modloading-worker-0/INFO] [org.admany.quantified.core.neoforge.QuantifiedCoreNeoForge/]: Quantified GPU config: enabled=true, preferredBackend=VULKAN_PREFERRED, vulkanDevice=auto, openclDevice=auto, forceOpenCL=false
[23Aug2026 16:44:29.717] [modloading-worker-0/INFO] [org.admany.quantified.core.neoforge.QuantifiedCoreNeoForge/]: [Quantified] Quantified Core Starting
[23Aug2026 16:44:29.726] [modloading-worker-0/INFO] [org.admany.quantified.core.neoforge.QuantifiedCoreNeoForge/]: Async scheduler configured with 1 foreground and 1 background threads (4 cores detected)
[23Aug2026 16:44:29.726] [modloading-worker-0/INFO] [org.admany.quantified.core.neoforge.QuantifiedCoreNeoForge/]: [Quantified] Quantified Async Pool Start
[23Aug2026 16:44:29.782] [modloading-worker-0/INFO] [org.admany.quantified.core.common.cache.disk.DiskCacheManager/]: Initialized disk cache at: /workspaces/mtgfresafiio/servidor_minecraft/config/QuantifiedAPI/cache
[23Aug2026 16:44:29.818] [modloading-worker-0/INFO] [org.admany.quantified.core.neoforge.QuantifiedCoreNeoForge/]: OpenCL initialization deferred to background probe.
[23Aug2026 16:44:29.829] [modloading-worker-0/INFO] [org.admany.quantified.core.common.gpu.backend.VulkanProbeScheduler/]: Vulkan probe scheduler armed (maxAttempts=3, initialDelayMs=0, retryDelayMs=60000)
[23Aug2026 16:44:29.835] [modloading-worker-0/INFO] [org.admany.quantified.core.common.gpu.backend.VulkanProbeScheduler/]: Scheduling Vulkan probe attempt #1 (initial) in 0 ms
[23Aug2026 16:44:29.836] [modloading-worker-0/INFO] [YetAnotherConfigLib/]: Deserializing CACCommonConfig from '/workspaces/mtgfresafiio/servidor_minecraft/config/crittersandcompanions-common.json5'
[23Aug2026 16:44:29.837] [modloading-worker-0/INFO] [org.admany.quantified.core.neoforge.QuantifiedCoreNeoForge/]: Vulkan initialization deferred to background probe (isolated bundled runtime for legacy Minecraft).
[23Aug2026 16:44:29.837] [Quantified-Vulkan-Probe-Scheduler/INFO] [org.admany.quantified.core.common.gpu.backend.VulkanProbeScheduler/]: Running Vulkan probe attempt #1 (initial)
[23Aug2026 16:44:29.840] [Quantified-Vulkan-Probe-Scheduler/INFO] [org.admany.quantified.core.common.gpu.backend.VulkanRuntime/]: [Vulkan][Probe 1] Reprobe requested on thread 'Quantified-Vulkan-Probe-Scheduler' (group=main')
[23Aug2026 16:44:29.842] [Quantified-Vulkan-Probe-Scheduler/INFO] [org.admany.quantified.core.common.gpu.backend.VulkanRuntime/]: [Vulkan][Probe 1] Probe start on thread 'Quantified-Vulkan-Probe-Scheduler' LWJGL-stack=64 MiB
[23Aug2026 16:44:29.857] [Quantified-Vulkan-Probe-Scheduler/INFO] [org.admany.quantified.core.common.gpu.backend.VulkanRuntime/]: [Vulkan][Probe 1] Environment: os=Linux 6.8.0-1052-azure, arch=amd64, java=21.0.10, vendor=Ubuntu, lwjgl.stack.bytes=67108864, quantified.lwjgl.stackSizeBytes=67108864, quantified.lwjgl.stackSizeKb=65536, quantified.gpuThreadStackBytes=<unset>, quantified.gpuThreadStackKb=<unset>, quantified.probeThreadStackBytes=<unset>, quantified.probeThreadStackKb=<unset>, org.lwjgl.system.stackSizeKb=65536
[23Aug2026 16:44:29.858] [Quantified-Vulkan-Probe-Scheduler/INFO] [org.admany.quantified.core.common.gpu.backend.VulkanRuntime/]: [Vulkan][Probe 1] Loader env: VK_ICD_FILENAMES=<unset>, VK_DRIVER_FILES=<unset>, VK_LAYER_PATH=<unset>, VK_INSTANCE_LAYERS=<unset>, VK_LOADER_DEBUG=<unset>, VK_LOADER_LAYERS_DISABLE=<unset>
[23Aug2026 16:44:29.973] [modloading-worker-0/INFO] [org.admany.quantified.core.neoforge.QuantifiedCoreNeoForge/]: Vulkan isolated runtime classes loaded successfully for legacy Minecraft.
[23Aug2026 16:44:29.974] [modloading-worker-0/INFO] [org.admany.quantified.core.neoforge.QuantifiedCoreNeoForge/]: All Quantified API classes successfully initialized.
[23Aug2026 16:44:29.974] [modloading-worker-0/INFO] [org.admany.quantified.core.neoforge.QuantifiedCoreNeoForge/]: Quantified API initialized successfully.
[23Aug2026 16:44:29.976] [modloading-worker-0/INFO] [org.admany.quantified.core.neoforge.QuantifiedCoreNeoForge/]: [Quantified] Quantified API has been called out by:
  - [Quantified Frontend] (Version 2.2.0) at 16:44
  - [test-mod] (Version 1.0.0) at 16:44
[23Aug2026 16:44:29.992] [modloading-worker-0/INFO] [org.admany.quantified.core.compat.LegacyApiRegistry/]: Quantified API v2: no legacy v1.x mod integrations detected.
[23Aug2026 16:44:30.259] [modloading-worker-0/INFO] [fzzy_config/]: Loaded config simplytooltips:config in 320ms
[23Aug2026 16:44:30.270] [modloading-worker-0/INFO] [fzzy_config/]: Loaded config simplyswords:general in 484ms
[23Aug2026 16:44:30.371] [modloading-worker-0/INFO] [simplytooltips/]: SimplyTooltips config loaded: simplytooltips:config
[23Aug2026 16:44:30.545] [Quantified-Vulkan-Probe-Scheduler/INFO] [org.admany.quantified.core.common.gpu.backend.VulkanRuntime/]: [Vulkan][Probe 1] Launching isolated Vulkan probe: /usr/lib/jvm/java-21-openjdk-amd64/bin/java -Xms16m -Xmx256m -XX:MaxDirectMemorySize=128m -Xss16m -Dorg.lwjgl.system.stackSize=16384 -Dquantified.lwjgl.stackSizeKb=16384 -Dquantified.lwjgl.stackSizeBytes=16777216 -Dorg.lwjgl.system.SharedLibraryExtractPath=/workspaces/mtgfresafiio/servidor_minecraft/config/QuantifiedAPI/cache/tools/vulkanProbe/natives -Dorg.lwjgl.librarypath=/workspaces/mtgfresafiio/servidor_minecraft/config/QuantifiedAPI/cache/tools/vulkanProbe/natives -cp /workspaces/mtgfresafiio/servidor_minecraft/config/QuantifiedAPI/cache/tools/vulkanProbe/quantified-vulkan-probe.jar:/workspaces/mtgfresafiio/servidor_minecraft/config/QuantifiedAPI/cache/tools/vulkanProbe/lib/lwjgl-3.3.3-natives-linux-arm64.jar:/workspaces/mtgfresafiio/servidor_minecraft/config/QuantifiedAPI/cache/tools/vulkanProbe/lib/lwjgl-3.3.3-natives-linux.jar:/workspaces/mtgfresafiio/servidor_minecraft/config/QuantifiedAPI/cache/tools/vulkanProbe/lib/lwjgl-3.3.3-natives-windows.jar:/workspaces/mtgfresafiio/servidor_minecraft/config/QuantifiedAPI/cache/tools/vulkanProbe/lib/lwjgl-3.3.3.jar:/workspaces/mtgfresafiio/servidor_minecraft/config/QuantifiedAPI/cache/tools/vulkanProbe/lib/lwjgl-vulkan-3.3.3.jar org.admany.quantified.vulkan.probe.VulkanProbeEntrypoint [VK_LOADER_LAYERS_DISABLE=~implicit~, VK_LOADER_DEBUG=error]
[23Aug2026 16:44:30.688] [Quantified-Vulkan-Probe-Stdout/INFO] [org.admany.quantified.core.common.gpu.backend.VulkanRuntime/]: [Vulkan][Probe 1] [Subprocess] [probe] [heartbeat] startup
[23Aug2026 16:44:30.689] [Quantified-Vulkan-Probe-Stdout/INFO] [org.admany.quantified.core.common.gpu.backend.VulkanRuntime/]: [Vulkan][Probe 1] [Subprocess] [probe] [heartbeat] pre-librarypath-config
[23Aug2026 16:44:30.724] [Quantified-Vulkan-Probe-Stdout/INFO] [org.admany.quantified.core.common.gpu.backend.VulkanRuntime/]: [Vulkan][Probe 1] [Subprocess] [probe] java=21.0.10, vendor=Ubuntu, os=Linux 6.8.0-1052-azure, arch=amd64
[23Aug2026 16:44:30.727] [Quantified-Vulkan-Probe-Stdout/INFO] [org.admany.quantified.core.common.gpu.backend.VulkanRuntime/]: [Vulkan][Probe 1] [Subprocess] [probe] org.lwjgl.system.stackSizeKb=16384, quantified.lwjgl.stackSizeBytes=16777216
[23Aug2026 16:44:30.727] [Quantified-Vulkan-Probe-Stdout/INFO] [org.admany.quantified.core.common.gpu.backend.VulkanRuntime/]: [Vulkan][Probe 1] [Subprocess] [probe] java.library.path=/tmp/_MEI6vIPml:/usr/java/packages/lib:/usr/lib/x86_64-linux-gnu/jni:/lib/x86_64-linux-gnu:/usr/lib/x86_64-linux-gnu:/usr/lib/jni:/lib:/usr/lib
[23Aug2026 16:44:30.730] [Quantified-Vulkan-Probe-Stdout/INFO] [org.admany.quantified.core.common.gpu.backend.VulkanRuntime/]: [Vulkan][Probe 1] [Subprocess] [probe] org.lwjgl.librarypath=/workspaces/mtgfresafiio/servidor_minecraft/config/QuantifiedAPI/cache/tools/vulkanProbe/natives
[23Aug2026 16:44:30.730] [Quantified-Vulkan-Probe-Stdout/INFO] [org.admany.quantified.core.common.gpu.backend.VulkanRuntime/]: [Vulkan][Probe 1] [Subprocess] [probe] org.lwjgl.system.SharedLibraryExtractPath(original)=/workspaces/mtgfresafiio/servidor_minecraft/config/QuantifiedAPI/cache/tools/vulkanProbe/natives
[23Aug2026 16:44:30.730] [Quantified-Vulkan-Probe-Stdout/INFO] [org.admany.quantified.core.common.gpu.backend.VulkanRuntime/]: [Vulkan][Probe 1] [Subprocess] [probe] org.lwjgl.system.SharedLibraryExtractPath(effective)=/workspaces/mtgfresafiio/servidor_minecraft/config/QuantifiedAPI/cache/tools/vulkanProbe/natives
[23Aug2026 16:44:30.730] [Quantified-Vulkan-Probe-Stdout/INFO] [org.admany.quantified.core.common.gpu.backend.VulkanRuntime/]: [Vulkan][Probe 1] [Subprocess] [probe] [heartbeat] post-librarypath-config
[23Aug2026 16:44:30.746] [Quantified-Vulkan-Probe-Stdout/INFO] [org.admany.quantified.core.common.gpu.backend.VulkanRuntime/]: [Vulkan][Probe 1] [Subprocess] [probe] [heartbeat] pre-VK-init
[23Aug2026 16:44:30.824] [modloading-worker-0/INFO] [fzzy_config/]: Loaded config simplyswords:gem_powers in 379ms
[23Aug2026 16:44:30.830] [modloading-worker-0/INFO] [fzzy_config/]: Loaded config simplyswords:status_effects in 5ms
[23Aug2026 16:44:30.958] [Quantified-Vulkan-Probe-Stdout/INFO] [org.admany.quantified.core.common.gpu.backend.VulkanRuntime/]: [Vulkan][Probe 1] [Subprocess] [LWJGL] Failed to load a library. Possible solutions:
[23Aug2026 16:44:30.958] [Quantified-Vulkan-Probe-Stdout/INFO] [org.admany.quantified.core.common.gpu.backend.VulkanRuntime/]: [Vulkan][Probe 1] [Subprocess] 	a) Install the library or the driver that provides the library.
[23Aug2026 16:44:30.958] [Quantified-Vulkan-Probe-Stdout/INFO] [org.admany.quantified.core.common.gpu.backend.VulkanRuntime/]: [Vulkan][Probe 1] [Subprocess] 	b) Ensure that the library is accessible from the system library paths.
[23Aug2026 16:44:30.958] [Quantified-Vulkan-Probe-Stdout/INFO] [org.admany.quantified.core.common.gpu.backend.VulkanRuntime/]: [Vulkan][Probe 1] [Subprocess] [LWJGL] Enable debug mode with -Dorg.lwjgl.util.Debug=true for better diagnostics.
[23Aug2026 16:44:30.958] [Quantified-Vulkan-Probe-Stdout/INFO] [org.admany.quantified.core.common.gpu.backend.VulkanRuntime/]: [Vulkan][Probe 1] [Subprocess] [LWJGL] Enable the SharedLibraryLoader debug mode with -Dorg.lwjgl.util.DebugLoader=true for better diagnostics.
[23Aug2026 16:44:30.962] [Quantified-Vulkan-Probe-Stdout/INFO] [org.admany.quantified.core.common.gpu.backend.VulkanRuntime/]: [Vulkan][Probe 1] [Subprocess] [probe] VK bootstrap failure: java.lang.UnsatisfiedLinkError: Failed to locate library: libvulkan.so.1
[23Aug2026 16:44:30.962] [Quantified-Vulkan-Probe-Stdout/INFO] [org.admany.quantified.core.common.gpu.backend.VulkanRuntime/]: [Vulkan][Probe 1] [Subprocess] java.lang.UnsatisfiedLinkError: Failed to locate library: libvulkan.so.1
[23Aug2026 16:44:30.962] [Quantified-Vulkan-Probe-Stdout/INFO] [org.admany.quantified.core.common.gpu.backend.VulkanRuntime/]: [Vulkan][Probe 1] [Subprocess] 	at org.lwjgl.system.Library.loadNative(Library.java:346)
[23Aug2026 16:44:30.962] [Quantified-Vulkan-Probe-Stdout/INFO] [org.admany.quantified.core.common.gpu.backend.VulkanRuntime/]: [Vulkan][Probe 1] [Subprocess] 	at org.lwjgl.system.Library.loadNative(Library.java:236)
[23Aug2026 16:44:30.962] [Quantified-Vulkan-Probe-Stdout/INFO] [org.admany.quantified.core.common.gpu.backend.VulkanRuntime/]: [Vulkan][Probe 1] [Subprocess] 	at org.lwjgl.system.Library.loadNative(Library.java:217)
[23Aug2026 16:44:30.962] [Quantified-Vulkan-Probe-Stdout/INFO] [org.admany.quantified.core.common.gpu.backend.VulkanRuntime/]: [Vulkan][Probe 1] [Subprocess] 	at org.lwjgl.system.Library.loadNative(Library.java:431)
[23Aug2026 16:44:30.962] [Quantified-Vulkan-Probe-Stdout/INFO] [org.admany.quantified.core.common.gpu.backend.VulkanRuntime/]: [Vulkan][Probe 1] [Subprocess] 	at org.lwjgl.system.Library.loadNative(Library.java:402)
[23Aug2026 16:44:30.962] [Quantified-Vulkan-Probe-Stdout/INFO] [org.admany.quantified.core.common.gpu.backend.VulkanRuntime/]: [Vulkan][Probe 1] [Subprocess] 	at org.lwjgl.vulkan.VK.create(VK.java:52)
[23Aug2026 16:44:30.962] [Quantified-Vulkan-Probe-Stdout/INFO] [org.admany.quantified.core.common.gpu.backend.VulkanRuntime/]: [Vulkan][Probe 1] [Subprocess] 	at org.lwjgl.vulkan.VK.<clinit>(VK.java:37)
[23Aug2026 16:44:30.962] [Quantified-Vulkan-Probe-Stdout/INFO] [org.admany.quantified.core.common.gpu.backend.VulkanRuntime/]: [Vulkan][Probe 1] [Subprocess] 	at java.base/java.lang.Class.forName0(Native Method)
[23Aug2026 16:44:30.962] [Quantified-Vulkan-Probe-Stdout/INFO] [org.admany.quantified.core.common.gpu.backend.VulkanRuntime/]: [Vulkan][Probe 1] [Subprocess] 	at java.base/java.lang.Class.forName(Class.java:423)
[23Aug2026 16:44:30.963] [Quantified-Vulkan-Probe-Stdout/INFO] [org.admany.quantified.core.common.gpu.backend.VulkanRuntime/]: [Vulkan][Probe 1] [Subprocess] 	at java.base/java.lang.Class.forName(Class.java:414)
[23Aug2026 16:44:30.963] [Quantified-Vulkan-Probe-Stdout/INFO] [org.admany.quantified.core.common.gpu.backend.VulkanRuntime/]: [Vulkan][Probe 1] [Subprocess] 	at org.admany.quantified.vulkan.probe.VulkanProbeEntrypoint.bootstrapVulkanBinding(VulkanProbeEntrypoint.java:89)
[23Aug2026 16:44:30.963] [Quantified-Vulkan-Probe-Stdout/INFO] [org.admany.quantified.core.common.gpu.backend.VulkanRuntime/]: [Vulkan][Probe 1] [Subprocess] 	at org.admany.quantified.vulkan.probe.VulkanProbeEntrypoint.main(VulkanProbeEntrypoint.java:69)
[23Aug2026 16:44:30.963] [Quantified-Vulkan-Probe-Stdout/INFO] [org.admany.quantified.core.common.gpu.backend.VulkanRuntime/]: [Vulkan][Probe 1] [Subprocess] [probe] [heartbeat] post-VK-init-failed
[23Aug2026 16:44:30.963] [Quantified-Vulkan-Probe-Stdout/INFO] [org.admany.quantified.core.common.gpu.backend.VulkanRuntime/]: [Vulkan][Probe 1] [Subprocess] [probe] [heartbeat] done
[23Aug2026 16:44:30.963] [Quantified-Vulkan-Probe-Stdout/INFO] [org.admany.quantified.core.common.gpu.backend.VulkanRuntime/]: [Vulkan][Probe 1] [Subprocess] {"ok":false,"code":"vk_class_init_failed","maxApiVersion":0,"selectedApiVersion":0,"devices":[],"failure":"UnsatisfiedLinkError: Failed to locate library: libvulkan.so.1"}
[23Aug2026 16:44:30.976] [Quantified-Vulkan-Probe-Scheduler/WARN] [org.admany.quantified.core.common.gpu.backend.VulkanRuntime/]: [Vulkan][Probe 1] UnsatisfiedLinkError: Failed to locate library: libvulkan.so.1
[23Aug2026 16:44:30.988] [Quantified-Vulkan-Probe-Scheduler/INFO] [org.admany.quantified.core.common.gpu.backend.VulkanRuntime/]: [Quantified][GPU Startup][Vulkan] probe=1 inProcessAvailable=false executionCandidate=false mode=ISOLATED inProcessBindings=false embeddedProbeBundle=true devices=none reason=UnsatisfiedLinkError: Failed to locate library: libvulkan.so.1 linux{libvulkan=false,libopencl=false,dri=true,nvidia=false,vkIcdOverride=false,vkDriverOverride=false,openclVendorDir=false}
[23Aug2026 16:44:30.989] [Quantified-Vulkan-Probe-Scheduler/INFO] [org.admany.quantified.core.common.gpu.backend.VulkanProbeScheduler/]: Scheduling Vulkan probe attempt #2 (retry:unavailable) in 60000 ms
[23Aug2026 16:44:31.120] [modloading-worker-0/INFO] [fzzy_config/]: Loaded config simplyswords:weapon_attributes in 280ms
[23Aug2026 16:44:31.548] [modloading-worker-0/INFO] [fzzy_config/]: Loaded config simplyswords:unique_effects in 357ms
[23Aug2026 16:44:31.584] [modloading-worker-0/INFO] [STDOUT/]: [net.sweenus.simplyswords.SimplySwords:init:100]: /workspaces/mtgfresafiio/servidor_minecraft/config
[23Aug2026 16:44:31.752] [modloading-sync-worker/INFO] [snownee.kiwi.Kiwi/INIT]: Module [snowrealmagic:core] initialized
[23Aug2026 16:44:31.752] [modloading-sync-worker/INFO] [snownee.kiwi.Kiwi/INIT]: 		block: 11, block_entity_type: 2, loot_pool_entry_type: 1
[23Aug2026 16:44:31.753] [modloading-sync-worker/INFO] [snownee.kiwi.Kiwi/INIT]: Module [kiwi:data] initialized
[23Aug2026 16:44:31.753] [modloading-sync-worker/INFO] [snownee.kiwi.Kiwi/INIT]: 		recipe_serializer: 2, neoforge:condition_codecs: 2
[23Aug2026 16:44:34.892] [Quantified-OpenCL-Probe/INFO] [org.admany.quantified.core.common.opencl.core.OpenCLRuntime/]: [OpenCL][Probe 1] Launching isolated OpenCL probe: /usr/lib/jvm/java-21-openjdk-amd64/bin/java -Xms16m -Xmx256m -Xss16m -Dorg.lwjgl.opencl.explicitInit=true -Dorg.lwjgl.system.stackSize=16384 -Dorg.lwjgl.system.SharedLibraryExtractPath=/workspaces/mtgfresafiio/servidor_minecraft/config/QuantifiedAPI/cache/tools/openclProbe/natives -Dorg.lwjgl.librarypath=/workspaces/mtgfresafiio/servidor_minecraft/config/QuantifiedAPI/cache/tools/openclProbe/natives -cp /workspaces/mtgfresafiio/servidor_minecraft/config/QuantifiedAPI/cache/tools/openclProbe/quantified-opencl-probe.jar:/workspaces/mtgfresafiio/servidor_minecraft/config/QuantifiedAPI/cache/tools/openclProbe/lib/lwjgl-3.3.3-natives-linux-arm64.jar:/workspaces/mtgfresafiio/servidor_minecraft/config/QuantifiedAPI/cache/tools/openclProbe/lib/lwjgl-3.3.3-natives-linux.jar:/workspaces/mtgfresafiio/servidor_minecraft/config/QuantifiedAPI/cache/tools/openclProbe/lib/lwjgl-3.3.3-natives-windows.jar:/workspaces/mtgfresafiio/servidor_minecraft/config/QuantifiedAPI/cache/tools/openclProbe/lib/lwjgl-3.3.3.jar:/workspaces/mtgfresafiio/servidor_minecraft/config/QuantifiedAPI/cache/tools/openclProbe/lib/lwjgl-opencl-3.3.3.jar org.admany.quantified.opencl.probe.OpenCLProbeEntrypoint
[23Aug2026 16:44:35.095] [Quantified-OpenCL-Probe-Stdout/INFO] [org.admany.quantified.core.common.opencl.core.OpenCLRuntime/]: [OpenCL][Probe 1] [Subprocess] [LWJGL] Failed to load a library. Possible solutions:
[23Aug2026 16:44:35.095] [Quantified-OpenCL-Probe-Stdout/INFO] [org.admany.quantified.core.common.opencl.core.OpenCLRuntime/]: [OpenCL][Probe 1] [Subprocess] 	a) Install the library or the driver that provides the library.
[23Aug2026 16:44:35.095] [Quantified-OpenCL-Probe-Stdout/INFO] [org.admany.quantified.core.common.opencl.core.OpenCLRuntime/]: [OpenCL][Probe 1] [Subprocess] 	b) Ensure that the library is accessible from the system library paths.
[23Aug2026 16:44:35.095] [Quantified-OpenCL-Probe-Stdout/INFO] [org.admany.quantified.core.common.opencl.core.OpenCLRuntime/]: [OpenCL][Probe 1] [Subprocess] [LWJGL] Enable debug mode with -Dorg.lwjgl.util.Debug=true for better diagnostics.
[23Aug2026 16:44:35.096] [Quantified-OpenCL-Probe-Stdout/INFO] [org.admany.quantified.core.common.opencl.core.OpenCLRuntime/]: [OpenCL][Probe 1] [Subprocess] [LWJGL] Enable the SharedLibraryLoader debug mode with -Dorg.lwjgl.util.DebugLoader=true for better diagnostics.
[23Aug2026 16:44:35.099] [Quantified-OpenCL-Probe-Stdout/INFO] [org.admany.quantified.core.common.opencl.core.OpenCLRuntime/]: [OpenCL][Probe 1] [Subprocess] {"ok":false,"devices":[],"failure":"UnsatisfiedLinkError: Failed to locate library: libOpenCL.so.1"}
[23Aug2026 16:44:35.642] [modloading-sync-worker/WARN] [Moonlight/]: Failed to find child for WoodType: luminous_nether:mushroom - stick. Ignored! ERROR: No value present
[23Aug2026 16:44:35.674] [modloading-sync-worker/INFO] [Moonlight/]: Initialized block sets in 35ms
[23Aug2026 16:44:36.876] [modloading-sync-worker/INFO] [Moonlight/]: Sending changed configs to client
[23Aug2026 16:44:36.881] [modloading-sync-worker/INFO] [Moonlight/]: Sending changed configs to client
[23Aug2026 16:44:36.919] [modloading-sync-worker/INFO] [Silent's Power Scale/]: Config loading :)
[23Aug2026 16:44:37.016] [modloading-sync-worker/INFO] [Moonlight/]: Sending changed configs to client
[23Aug2026 16:44:37.035] [modloading-worker-0/INFO] [com.jusipat.astikorcartsredux.AstikorCartsRedux/]: HELLO FROM COMMON SETUP
[23Aug2026 16:44:37.036] [NeoForge Version Check/INFO] [net.neoforged.fml.VersionChecker/]: [easyanvils] Starting version check at https://raw.githubusercontent.com/Fuzss/modresources/main/update/easyanvils.json
[23Aug2026 16:44:37.037] [modloading-worker-0/INFO] [voicechat/]: [voicechat] Compatibility version 20
[23Aug2026 16:44:37.053] [modloading-worker-0/INFO] [terrablender/]: Registered region minecraft:overworld to index 0 for type OVERWORLD
[23Aug2026 16:44:37.054] [modloading-worker-0/INFO] [terrablender/]: Registered region minecraft:nether to index 0 for type NETHER
[23Aug2026 16:44:37.054] [modloading-worker-0/INFO] [terrablender/]: Registered region vanillabackport:overworld to index 1 for type OVERWORLD
[23Aug2026 16:44:37.098] [NeoForge Version Check/INFO] [net.neoforged.fml.VersionChecker/]: [easyanvils] Found status: UP_TO_DATE Current: 21.1.0 Target: null
[23Aug2026 16:44:37.099] [NeoForge Version Check/INFO] [net.neoforged.fml.VersionChecker/]: [krypton_fnp] Starting version check at https://mvnc.pkg.one/update/mod/krypton_fnp/forge_update.json
[23Aug2026 16:44:37.115] [modloading-worker-0/INFO] [voicechat/]: [voicechat] Loading plugins
[23Aug2026 16:44:37.119] [modloading-worker-0/INFO] [com.yablon.furnitury.FurnituryMod/]: HELLO FROM COMMON SETUP
[23Aug2026 16:44:37.119] [modloading-worker-0/INFO] [com.yablon.furnitury.FurnituryMod/]: DIRT BLOCK >> minecraft:dirt
[23Aug2026 16:44:37.119] [modloading-worker-0/INFO] [com.yablon.furnitury.FurnituryMod/]: The magic number is... 42
[23Aug2026 16:44:37.120] [modloading-worker-0/INFO] [com.yablon.furnitury.FurnituryMod/]: ITEM >> minecraft:iron_ingot
[23Aug2026 16:44:37.135] [modloading-worker-0/INFO] [com.chunksending.ChunkSending/]: chunksending mod initialized
[23Aug2026 16:44:37.135] [modloading-worker-0/INFO] [com.connectivity.Connectivity/]: Connectivity initialized
[23Aug2026 16:44:37.145] [modloading-worker-0/INFO] [voicechat/]: [voicechat] Loaded 0 plugin(s)
[23Aug2026 16:44:37.145] [modloading-worker-0/INFO] [voicechat/]: [voicechat] Initializing plugins
[23Aug2026 16:44:37.145] [modloading-worker-0/INFO] [voicechat/]: [voicechat] Initialized 0 plugin(s)
[23Aug2026 16:44:37.163] [modloading-worker-0/INFO] [com.limitedchunks.LimitedChunks/]: Limited chunkloading initialized
[23Aug2026 16:44:37.182] [modloading-worker-0/INFO] [com.cupboard.Cupboard/]: Loaded config for: leaky.json
[23Aug2026 16:44:37.182] [modloading-worker-0/INFO] [com.leaky.Leaky/]: leaky mod initialized
[23Aug2026 16:44:37.201] [modloading-sync-worker/INFO] [ribbits/]: Registering Ribbit umbrella types...
[23Aug2026 16:44:37.201] [modloading-sync-worker/INFO] [ribbits/]: Registering Ribbit professions...
[23Aug2026 16:44:37.202] [modloading-sync-worker/INFO] [ribbits/]: Registering Ribbit instruments...
[23Aug2026 16:44:37.209] [modloading-sync-worker/INFO] [Supplementaries/]: Finished mod setup in: [0, 0, 3, 0, 0, 0] ms
[23Aug2026 16:44:37.213] [NeoForge Version Check/INFO] [net.neoforged.fml.VersionChecker/]: [krypton_fnp] Found status: OUTDATED Current: 0.2.28.1-1.21.1 Target: 26.2.1-1.21.1
[23Aug2026 16:44:37.213] [NeoForge Version Check/INFO] [net.neoforged.fml.VersionChecker/]: [prickle] Starting version check at https://updates.blamejared.com/get?n=prickle&gv=1.21.1&ml=neoforge
[23Aug2026 16:44:37.242] [modloading-sync-worker/INFO] [com.tiviacz.travelersbackpack.TravelersBackpack/]: Registered the FluidEffect with Unique ID of minecraft:water for Water (Fluid Amount Required: 1000) with the ID 0
[23Aug2026 16:44:37.242] [modloading-sync-worker/INFO] [com.tiviacz.travelersbackpack.TravelersBackpack/]: Registered the FluidEffect with Unique ID of minecraft:lava for Lava (Fluid Amount Required: 1000) with the ID 1
[23Aug2026 16:44:37.243] [modloading-sync-worker/INFO] [com.tiviacz.travelersbackpack.TravelersBackpack/]: Registered the FluidEffect with Unique ID of travelersbackpack:potion for item.minecraft.potion.effect.empty.effect.empty (Fluid Amount Required: 250) with the ID 2
[23Aug2026 16:44:37.243] [modloading-sync-worker/INFO] [com.tiviacz.travelersbackpack.TravelersBackpack/]: Registered the FluidEffect with Unique ID of minecraft:milk for Milk (Fluid Amount Required: 1000) with the ID 3
[23Aug2026 16:44:37.244] [modloading-sync-worker/INFO] [com.finderfeed.fdlib.FDLib/]: Loading FD animations...
[23Aug2026 16:44:37.244] [modloading-sync-worker/INFO] [com.finderfeed.fdlib.FDLib/]: Loading animation: raidsenhanced:illager_golem_strike_1
[23Aug2026 16:44:37.255] [modloading-sync-worker/INFO] [com.finderfeed.fdlib.FDLib/]: Loading animation: raidsenhanced:electromancer_charge_stick
[23Aug2026 16:44:37.257] [modloading-sync-worker/INFO] [com.finderfeed.fdlib.FDLib/]: Loading animation: raidsenhanced:electromancer_walk
[23Aug2026 16:44:37.259] [modloading-sync-worker/INFO] [com.finderfeed.fdlib.FDLib/]: Loading animation: raidsenhanced:raider_drill_burrow
[23Aug2026 16:44:37.260] [modloading-sync-worker/INFO] [com.finderfeed.fdlib.FDLib/]: Loading animation: raidsenhanced:electromancer_ray_cast
[23Aug2026 16:44:37.264] [modloading-sync-worker/INFO] [com.finderfeed.fdlib.FDLib/]: Loading animation: raidsenhanced:electromancer_lightnings_cast
[23Aug2026 16:44:37.266] [modloading-sync-worker/INFO] [com.finderfeed.fdlib.FDLib/]: Loading animation: raidsenhanced:illager_golem_walk_no_hands
[23Aug2026 16:44:37.268] [modloading-sync-worker/INFO] [com.finderfeed.fdlib.FDLib/]: Loading animation: raidsenhanced:player_blimp_perpeller
[23Aug2026 16:44:37.268] [modloading-sync-worker/INFO] [com.finderfeed.fdlib.FDLib/]: Loading animation: raidsenhanced:illager_golem_bombs
[23Aug2026 16:44:37.270] [modloading-sync-worker/INFO] [com.finderfeed.fdlib.FDLib/]: Loading animation: raidsenhanced:illager_golem_whirlwind
[23Aug2026 16:44:37.272] [modloading-sync-worker/INFO] [com.finderfeed.fdlib.FDLib/]: Loading animation: raidsenhanced:electromancer_attack_2
[23Aug2026 16:44:37.273] [modloading-sync-worker/INFO] [com.finderfeed.fdlib.FDLib/]: Loading animation: raidsenhanced:raider_drill_unburrow
[23Aug2026 16:44:37.273] [modloading-sync-worker/INFO] [com.finderfeed.fdlib.FDLib/]: Loading animation: raidsenhanced:illager_golem_strike_2
[23Aug2026 16:44:37.275] [modloading-sync-worker/INFO] [com.finderfeed.fdlib.FDLib/]: Loading animation: raidsenhanced:player_blimp_turn_right
[23Aug2026 16:44:37.275] [modloading-sync-worker/INFO] [com.finderfeed.fdlib.FDLib/]: Loading animation: raidsenhanced:electromancer_ray_cast_stop
[23Aug2026 16:44:37.277] [modloading-sync-worker/INFO] [com.finderfeed.fdlib.FDLib/]: Loading animation: raidsenhanced:electromancer_attack_1
[23Aug2026 16:44:37.432] [modloading-sync-worker/INFO] [com.finderfeed.fdlib.FDLib/]: Loading animation: raidsenhanced:raid_airship_death
[23Aug2026 16:44:37.433] [modloading-sync-worker/INFO] [com.finderfeed.fdlib.FDLib/]: Loading animation: raidsenhanced:player_blimp_air_idle
[23Aug2026 16:44:37.434] [modloading-sync-worker/INFO] [com.finderfeed.fdlib.FDLib/]: Loading animation: raidsenhanced:electromancer_ray_charge
[23Aug2026 16:44:37.436] [modloading-sync-worker/INFO] [com.finderfeed.fdlib.FDLib/]: Loading animation: raidsenhanced:raid_airship_idle
[23Aug2026 16:44:37.436] [modloading-sync-worker/INFO] [com.finderfeed.fdlib.FDLib/]: Loading animation: raidsenhanced:player_blimp_dangle_lights
[23Aug2026 16:44:37.436] [modloading-sync-worker/INFO] [com.finderfeed.fdlib.FDLib/]: Loading animation: raidsenhanced:raid_airship_throw_bomb
[23Aug2026 16:44:37.437] [modloading-sync-worker/INFO] [com.finderfeed.fdlib.FDLib/]: Loading animation: raidsenhanced:raid_airship_fly
[23Aug2026 16:44:37.438] [modloading-sync-worker/INFO] [com.finderfeed.fdlib.FDLib/]: Loading animation: raidsenhanced:electromancer_idle
[23Aug2026 16:44:37.439] [modloading-sync-worker/INFO] [com.finderfeed.fdlib.FDLib/]: Loading animation: raidsenhanced:player_blimp_turn_left
[23Aug2026 16:44:37.439] [modloading-sync-worker/INFO] [com.finderfeed.fdlib.FDLib/]: Loading animation: fdlib:testanim
[23Aug2026 16:44:37.440] [modloading-sync-worker/INFO] [com.finderfeed.fdlib.FDLib/]: Loading animation: raidsenhanced:illager_golem_death
[23Aug2026 16:44:37.441] [modloading-sync-worker/INFO] [com.finderfeed.fdlib.FDLib/]: Loading animation: raidsenhanced:electromancer_walk_no_hands
[23Aug2026 16:44:37.442] [modloading-sync-worker/INFO] [com.finderfeed.fdlib.FDLib/]: Loading animation: raidsenhanced:illager_golem_idle
[23Aug2026 16:44:37.443] [modloading-sync-worker/INFO] [com.finderfeed.fdlib.FDLib/]: Loading animation: raidsenhanced:illager_golem_heavy_strike
[23Aug2026 16:44:37.444] [modloading-sync-worker/INFO] [com.finderfeed.fdlib.FDLib/]: Loading animation: raidsenhanced:raider_drill_idle
[23Aug2026 16:44:37.445] [modloading-sync-worker/INFO] [com.finderfeed.fdlib.FDLib/]: Loading animation: raidsenhanced:raid_airship_illager_observe
[23Aug2026 16:44:37.445] [modloading-sync-worker/INFO] [com.finderfeed.fdlib.FDLib/]: Loading animation: raidsenhanced:illager_golem_walk
[23Aug2026 16:44:37.446] [modloading-sync-worker/INFO] [com.finderfeed.fdlib.FDLib/]: FD Animations loaded!
[23Aug2026 16:44:37.447] [modloading-sync-worker/INFO] [com.finderfeed.fdlib.FDLib/]: Loading FD models...
[23Aug2026 16:44:37.447] [modloading-sync-worker/INFO] [com.finderfeed.fdlib.FDLib/]: Loading model: raidsenhanced:golem_of_last_resort
[23Aug2026 16:44:37.455] [modloading-sync-worker/INFO] [com.finderfeed.fdlib.FDLib/]: Loading model: fdlib:test
[23Aug2026 16:44:37.456] [modloading-sync-worker/INFO] [com.finderfeed.fdlib.FDLib/]: Loading model: raidsenhanced:electromancer
[23Aug2026 16:44:37.458] [modloading-sync-worker/INFO] [com.finderfeed.fdlib.FDLib/]: Loading model: raidsenhanced:raid_blimp_cannon_projectile
[23Aug2026 16:44:37.458] [modloading-sync-worker/INFO] [com.finderfeed.fdlib.FDLib/]: Loading model: fdlib:test
[23Aug2026 16:44:37.458] [modloading-sync-worker/INFO] [com.finderfeed.fdlib.FDLib/]: Loading model: raidsenhanced:raider_drill
[23Aug2026 16:44:37.459] [modloading-sync-worker/INFO] [com.finderfeed.fdlib.FDLib/]: Loading model: raidsenhanced:raid_airship_part_1
[23Aug2026 16:44:37.459] [modloading-sync-worker/INFO] [com.finderfeed.fdlib.FDLib/]: Loading model: raidsenhanced:raid_airship_part_2
[23Aug2026 16:44:37.459] [modloading-sync-worker/INFO] [com.finderfeed.fdlib.FDLib/]: Loading model: raidsenhanced:raid_airship_bomb
[23Aug2026 16:44:37.460] [modloading-sync-worker/INFO] [com.finderfeed.fdlib.FDLib/]: Loading model: raidsenhanced:player_blimp
[23Aug2026 16:44:37.461] [modloading-sync-worker/INFO] [com.finderfeed.fdlib.FDLib/]: Loading model: raidsenhanced:raid_airship
[23Aug2026 16:44:37.471] [modloading-sync-worker/INFO] [com.finderfeed.fdlib.FDLib/]: FD Models loaded!
[23Aug2026 16:44:37.495] [modloading-sync-worker/INFO] [terrablender/]: Registered region spelunkers_charm:spelunkers_charm to index 2 for type OVERWORLD
[23Aug2026 16:44:37.541] [modloading-sync-worker/INFO] [terrablender/]: Registered region yungscavebiomes:overworld to index 3 for type OVERWORLD
[23Aug2026 16:44:37.604] [modloading-sync-worker/INFO] [Moonlight/]: Initialized color sets in 55ms
[23Aug2026 16:44:37.651] [NeoForge Version Check/INFO] [net.neoforged.fml.VersionChecker/]: [prickle] Found status: BETA Current: 21.1.11 Target: 21.1.11
[23Aug2026 16:44:37.651] [NeoForge Version Check/INFO] [net.neoforged.fml.VersionChecker/]: [mr_ati_structuresfabricforge] Starting version check at https://api.modrinth.com/updates/bii8qPSt/forge_updates.json?neoforge=only
[23Aug2026 16:44:37.703] [modloading-sync-worker/WARN] [mixin/]: Static binding violation: PRIVATE @Overwrite method readChunk in c2me-rewrites-chunk-system.mixins.json:async_serialization.MixinThreadedAnvilChunkStorage from mod c2me_rewrites_chunk_system cannot reduce visibiliy of PUBLIC target method, visibility will be upgraded.
[23Aug2026 16:44:37.727] [modloading-sync-worker/WARN] [mixin/]: @Redirect conflict. Skipping smoothchunk.mixins.json:ChunkMapSlowUnload from mod smoothchunk->@Redirect::getSize(Ljava/util/Queue;)I with priority 1000, already redirected by c2me-opts-scheduling.mixins.json:general_overheads.MixinThreadedAnvilChunkStorage from mod c2me_opts_scheduling->@Redirect::redirectUnloadSize(Ljava/util/Queue;)I with priority 1100
[23Aug2026 16:44:37.824] [NeoForge Version Check/INFO] [net.neoforged.fml.VersionChecker/]: [mr_ati_structuresfabricforge] Found status: OUTDATED Current: 1.4.5 Target: 1.4.6
[23Aug2026 16:44:37.824] [NeoForge Version Check/INFO] [net.neoforged.fml.VersionChecker/]: [mr_dungeons_andtaverns] Starting version check at https://api.modrinth.com/updates/tpehi7ww/forge_updates.json?neoforge=only
[23Aug2026 16:44:37.860] [modloading-sync-worker/INFO] [com.cupboard.Cupboard/]: Loaded config for: connectivity.json
[23Aug2026 16:44:37.895] [NeoForge Version Check/INFO] [net.neoforged.fml.VersionChecker/]: [mr_dungeons_andtaverns] Found status: AHEAD Current: 1-v4.4.4 Target: null
[23Aug2026 16:44:37.895] [NeoForge Version Check/INFO] [net.neoforged.fml.VersionChecker/]: [mr_qraftyfied] Starting version check at https://api.modrinth.com/updates/ibnDR6oc/forge_updates.json?neoforge=only
[23Aug2026 16:44:37.919] [NeoForge Version Check/INFO] [net.neoforged.fml.VersionChecker/]: [mr_qraftyfied] Found status: OUTDATED Current: 9.1.1 Target: 9.1.1+mod
[23Aug2026 16:44:37.919] [NeoForge Version Check/INFO] [net.neoforged.fml.VersionChecker/]: [emotecraft] Starting version check at https://api.modrinth.com/updates/emotecraft/forge_updates.json?neoforge=include
[23Aug2026 16:44:38.004] [modloading-sync-worker/INFO] [cc.sighs.oelib.network.api.NetworkAutoRegistration/]: [NetworkAutoReg] Scanning 4 package(s) for packets...
[23Aug2026 16:44:38.008] [NeoForge Version Check/INFO] [net.neoforged.fml.VersionChecker/]: [emotecraft] Found status: OUTDATED Current: 2.4.12 Target: 2.4.12+1.21.1-forge
[23Aug2026 16:44:38.008] [NeoForge Version Check/INFO] [net.neoforged.fml.VersionChecker/]: [voicechat] Starting version check at https://update.maxhenkel.de/neoforge/voicechat
[23Aug2026 16:44:38.017] [modloading-sync-worker/INFO] [cc.sighs.oelib.network.api.NetworkAutoRegistration/]: [NetworkAutoReg] Scan packages: [cc.sighs.oelib.network.chunk, cc.sighs.oelib.config.net, cc.sighs.oelib.dev.example.net, cc.sighs.oelib.data.net] | found: 6 | added: 6 | skipped: 0
[23Aug2026 16:44:38.273] [main/INFO] [com.mojang.authlib.yggdrasil.YggdrasilAuthenticationService/]: Environment: Environment[sessionHost=https://sessionserver.mojang.com, servicesHost=https://api.minecraftservices.com, name=PROD]
[23Aug2026 16:44:38.416] [main/INFO] [Ksyxis/MOD_KSYXIS]: Ksyxis: Enabled compatibility hack with ModernFix. (removeSpawnChunks: false)
[23Aug2026 16:44:38.540] [NeoForge Version Check/INFO] [net.neoforged.fml.VersionChecker/]: [voicechat] Found status: UP_TO_DATE Current: 1.21.1-2.6.22 Target: null
[23Aug2026 16:44:38.540] [NeoForge Version Check/INFO] [net.neoforged.fml.VersionChecker/]: [ksyxis] Starting version check at https://raw.githubusercontent.com/VidTu/Ksyxis/main/updater_ksyxis_neoforge.json
[23Aug2026 16:44:38.551] [NeoForge Version Check/INFO] [net.neoforged.fml.VersionChecker/]: [ksyxis] Found status: UP_TO_DATE Current: 1.4.3 Target: null
[23Aug2026 16:44:38.551] [NeoForge Version Check/INFO] [net.neoforged.fml.VersionChecker/]: [securitycraft] Starting version check at https://www.github.com/Geforce132/SecurityCraft/raw/master/Updates/Forge.json
[23Aug2026 16:44:38.600] [main/INFO] [net.minecraft.server.MinecraftServer/]: Found new data pack builtin/aether_accessories, loading it automatically
[23Aug2026 16:44:38.655] [NeoForge Version Check/INFO] [net.neoforged.fml.VersionChecker/]: [securitycraft] Found status: UP_TO_DATE Current: 1.10.2.1 Target: null
[23Aug2026 16:44:38.655] [NeoForge Version Check/INFO] [net.neoforged.fml.VersionChecker/]: [puzzleslib] Starting version check at https://raw.githubusercontent.com/Fuzss/modresources/main/update/puzzleslib.json
[23Aug2026 16:44:38.669] [NeoForge Version Check/INFO] [net.neoforged.fml.VersionChecker/]: [puzzleslib] Found status: UP_TO_DATE Current: 21.1.52 Target: null
[23Aug2026 16:44:38.669] [NeoForge Version Check/INFO] [net.neoforged.fml.VersionChecker/]: [aether] Starting version check at https://github.com/The-Aether-Team/The-Aether/raw/1.21.1-develop/update.json
[23Aug2026 16:44:38.689] [NeoForge Version Check/INFO] [net.neoforged.fml.VersionChecker/]: [aether] Found status: UP_TO_DATE Current: 1.5.10 Target: null
[23Aug2026 16:44:38.689] [main/INFO] [com.teamabnormals.blueprint.core.Blueprint/]: Successfully loaded 0 data remolders!
[23Aug2026 16:44:38.689] [NeoForge Version Check/INFO] [net.neoforged.fml.VersionChecker/]: [piglinproliferation] Starting version check at https://api.modrinth.com/updates/piglin-proliferation/forge_updates.json
[23Aug2026 16:44:38.697] [main/INFO] [Moonlight/]: Resource cache state for SERVER_DATA: up to date
[23Aug2026 16:44:38.703] [main/INFO] [Moonlight/]: Populated search tree for pack at /workspaces/mtgfresafiio/servidor_minecraft/dynamic-data-pack-cache/supplementaries-generated_pack in 2.627 ms
[23Aug2026 16:44:38.713] [NeoForge Version Check/INFO] [net.neoforged.fml.VersionChecker/]: [piglinproliferation] Found status: BETA Current: 2.0.15 Target: null
[23Aug2026 16:44:38.714] [NeoForge Version Check/INFO] [net.neoforged.fml.VersionChecker/]: [fastitemframes] Starting version check at https://raw.githubusercontent.com/Fuzss/modresources/main/update/fastitemframes.json
[23Aug2026 16:44:38.725] [NeoForge Version Check/INFO] [net.neoforged.fml.VersionChecker/]: [fastitemframes] Found status: UP_TO_DATE Current: 21.1.6 Target: null
[23Aug2026 16:44:38.725] [NeoForge Version Check/INFO] [net.neoforged.fml.VersionChecker/]: [bookshelf] Starting version check at https://updates.blamejared.com/get?n=bookshelf&gv=1.21.1&ml=neoforge
[23Aug2026 16:44:38.743] [main/INFO] [Moonlight/]: Populated search tree for pack at /workspaces/mtgfresafiio/servidor_minecraft/dynamic-data-pack-cache/sawmill-sawmill_recipes in 40.23 ms
[23Aug2026 16:44:38.744] [main/INFO] [Moonlight/]: Starting runtime resource generation for pack type SERVER_DATA with generators [supplementaries:generated_pack, sawmill:sawmill_recipes]
[23Aug2026 16:44:38.757] [main/INFO] [Moonlight/]: Skipping regeneration for Dynamic SERVER_DATA Resources Provider [supplementaries:generated_pack] (cache up-to-date)
[23Aug2026 16:44:38.757] [main/INFO] [Moonlight/]: Skipping regeneration for Dynamic SERVER_DATA Resources Provider [sawmill:sawmill_recipes] (cache up-to-date)
[23Aug2026 16:44:38.757] [main/INFO] [Moonlight/]: Finished runtime resources generation for 2 packs in a total of 12.97 ms 
[23Aug2026 16:44:38.822] [NeoForge Version Check/INFO] [net.neoforged.fml.VersionChecker/]: [bookshelf] Found status: BETA Current: 21.1.81 Target: 21.1.81
[23Aug2026 16:44:38.823] [NeoForge Version Check/INFO] [net.neoforged.fml.VersionChecker/]: [additionalstructures] Starting version check at https://raw.githubusercontent.com/XxRexRaptorxX/Update-Checker/main/AdditionalStructures_NEO.json
[23Aug2026 16:44:38.860] [NeoForge Version Check/INFO] [net.neoforged.fml.VersionChecker/]: [additionalstructures] Found status: UP_TO_DATE Current: 6.3.2 Target: null
[23Aug2026 16:44:38.860] [NeoForge Version Check/INFO] [net.neoforged.fml.VersionChecker/]: [twilightforest] Starting version check at https://gh.tamaized.com/TeamTwilight/twilightforest/update.json?m=1.21.1&l=NeoForge&v=21.1.248
[23Aug2026 16:44:38.973] [NeoForge Version Check/INFO] [net.neoforged.fml.VersionChecker/]: [twilightforest] Found status: BETA Current: 4.8.3345 Target: null
[23Aug2026 16:44:38.973] [NeoForge Version Check/INFO] [net.neoforged.fml.VersionChecker/]: [mr_serversleep] Starting version check at https://api.modrinth.com/updates/Cw8IlnGM/forge_updates.json?neoforge=only
[23Aug2026 16:44:38.993] [NeoForge Version Check/INFO] [net.neoforged.fml.VersionChecker/]: [mr_serversleep] Found status: OUTDATED Current: 1-datapack2 Target: 2+mod
[23Aug2026 16:44:38.993] [NeoForge Version Check/INFO] [net.neoforged.fml.VersionChecker/]: [easymagic] Starting version check at https://raw.githubusercontent.com/Fuzss/modresources/main/update/easymagic.json
[23Aug2026 16:44:39.004] [NeoForge Version Check/INFO] [net.neoforged.fml.VersionChecker/]: [easymagic] Found status: UP_TO_DATE Current: 21.1.4 Target: null
[23Aug2026 16:44:39.004] [NeoForge Version Check/INFO] [net.neoforged.fml.VersionChecker/]: [mr_no_collision] Starting version check at https://api.modrinth.com/updates/XIGtm28Z/forge_updates.json?neoforge=only
[23Aug2026 16:44:39.102] [NeoForge Version Check/INFO] [net.neoforged.fml.VersionChecker/]: [mr_no_collision] Found status: OUTDATED Current: 0.1 Target: 0.1+mod
[23Aug2026 16:44:39.102] [NeoForge Version Check/INFO] [net.neoforged.fml.VersionChecker/]: [mighty_mail] Starting version check at https://mrcrayfish.com/modupdatejson?id=mighty_mail
[23Aug2026 16:44:39.258] [NeoForge Version Check/WARN] [net.neoforged.fml.VersionChecker/]: Failed to process update information
com.google.gson.JsonSyntaxException: java.lang.IllegalStateException: Expected BEGIN_OBJECT but was STRING at line 1 column 1 path $
	at MC-BOOTSTRAP/com.google.gson@2.10.1/com.google.gson.Gson.fromJson(Gson.java:1238) ~[gson-2.10.1.jar%2394!/:?]
	at MC-BOOTSTRAP/com.google.gson@2.10.1/com.google.gson.Gson.fromJson(Gson.java:1137) ~[gson-2.10.1.jar%2394!/:?]
	at MC-BOOTSTRAP/com.google.gson@2.10.1/com.google.gson.Gson.fromJson(Gson.java:1047) ~[gson-2.10.1.jar%2394!/:?]
	at MC-BOOTSTRAP/com.google.gson@2.10.1/com.google.gson.Gson.fromJson(Gson.java:982) ~[gson-2.10.1.jar%2394!/:?]
	at MC-BOOTSTRAP/fml_loader@4.0.43/net.neoforged.fml.VersionChecker$1.process(VersionChecker.java:167) ~[loader-4.0.43.jar%2359!/:4.0]
	at java.base/java.lang.Iterable.forEach(Iterable.java:75) [?:?]
	at MC-BOOTSTRAP/fml_loader@4.0.43/net.neoforged.fml.VersionChecker$1.run(VersionChecker.java:105) [loader-4.0.43.jar%2359!/:4.0]
Caused by: java.lang.IllegalStateException: Expected BEGIN_OBJECT but was STRING at line 1 column 1 path $
	at MC-BOOTSTRAP/com.google.gson@2.10.1/com.google.gson.stream.JsonReader.beginObject(JsonReader.java:393) ~[gson-2.10.1.jar%2394!/:?]
	at MC-BOOTSTRAP/com.google.gson@2.10.1/com.google.gson.internal.bind.MapTypeAdapterFactory$Adapter.read(MapTypeAdapterFactory.java:182) ~[gson-2.10.1.jar%2394!/:?]
	at MC-BOOTSTRAP/com.google.gson@2.10.1/com.google.gson.internal.bind.MapTypeAdapterFactory$Adapter.read(MapTypeAdapterFactory.java:144) ~[gson-2.10.1.jar%2394!/:?]
	at MC-BOOTSTRAP/com.google.gson@2.10.1/com.google.gson.Gson.fromJson(Gson.java:1227) ~[gson-2.10.1.jar%2394!/:?]
	... 6 more
[23Aug2026 16:44:39.259] [NeoForge Version Check/INFO] [net.neoforged.fml.VersionChecker/]: [enchdesc] Starting version check at https://updates.blamejared.com/get?n=enchdesc&gv=1.21.1&ml=neoforge
[23Aug2026 16:44:39.355] [NeoForge Version Check/INFO] [net.neoforged.fml.VersionChecker/]: [enchdesc] Found status: BETA Current: 21.1.11 Target: 21.1.10
[23Aug2026 16:44:39.356] [NeoForge Version Check/INFO] [net.neoforged.fml.VersionChecker/]: [mr_trek] Starting version check at https://api.modrinth.com/updates/h2jngREY/forge_updates.json?neoforge=only
[23Aug2026 16:44:39.391] [NeoForge Version Check/INFO] [net.neoforged.fml.VersionChecker/]: [mr_trek] Found status: BETA Current: 1-B0.6.2 Target: B0.6.2+mod
[23Aug2026 16:44:42.633] [main/WARN] [mixin/]: @Redirect conflict. Skipping recipeessentials.mixins.json:RecipeManagerMixin from mod recipeessentials->@Redirect::logErrorOnce(Lorg/slf4j/Logger;Ljava/lang/String;Ljava/lang/Object;Ljava/lang/Object;)V with priority 200, already redirected by modernfix-modernfix.mixins.json:perf.datapack_reload_exceptions.RecipeManagerMixin from mod modernfix->@Redirect::silenceException(Lorg/slf4j/Logger;Ljava/lang/String;Ljava/lang/Object;Ljava/lang/Object;)V with priority 2000
[23Aug2026 16:44:43.282] [Worker-Main-3/INFO] [fzzy_config/]: Loaded config simplyswords:loot in 16ms
[23Aug2026 16:44:43.440] [Worker-Main-3/ERROR] [net.minecraft.world.level.storage.loot.LootDataType/]: Couldn't parse element ResourceKey[minecraft:root / minecraft:loot_table]:unusualfishmod:entities/crimsonshell - Failed to parse either. First: Unknown registry key in ResourceKey[minecraft:root / minecraft:loot_function_type]: minecraft:looting_enchant; Second: Not a json array: {"function":"minecraft:looting_enchant","count":{"min":0,"max":2}}
[23Aug2026 16:44:43.466] [Worker-Main-3/ERROR] [net.minecraft.world.level.storage.loot.LootDataType/]: Couldn't parse element ResourceKey[minecraft:root / minecraft:loot_table]:unusualfishmod:entities/blizzardfin - Failed to parse either. First: Unknown registry key in ResourceKey[minecraft:root / minecraft:loot_function_type]: minecraft:looting_enchant; Second: Not a json array: {"function":"minecraft:looting_enchant","count":{"min":1,"max":2}}
[23Aug2026 16:44:43.685] [Worker-Main-3/ERROR] [net.minecraft.world.level.storage.loot.LootDataType/]: Couldn't parse element ResourceKey[minecraft:root / minecraft:loot_table]:unusualfishmod:entities/shockcat - Failed to parse either. First: Unknown registry key in ResourceKey[minecraft:root / minecraft:loot_function_type]: minecraft:looting_enchant; Second: Not a json array: {"function":"minecraft:looting_enchant","count":{"min":0,"max":1}}; Failed to parse either. First: Unknown registry key in ResourceKey[minecraft:root / minecraft:loot_function_type]: minecraft:looting_enchant; Second: Not a json array: {"function":"minecraft:looting_enchant","count":{"min":1,"max":2}}
[23Aug2026 16:44:43.713] [Worker-Main-3/ERROR] [net.minecraft.world.level.storage.loot.LootDataType/]: Couldn't parse element ResourceKey[minecraft:root / minecraft:loot_table]:unusualfishmod:entities/trumpet_squid - Failed to parse either. First: Unknown registry key in ResourceKey[minecraft:root / minecraft:loot_function_type]: minecraft:looting_enchant; Second: Not a json array: {"function":"minecraft:looting_enchant","count":{"min":0,"max":2}}
[23Aug2026 16:44:43.984] [Worker-Main-3/ERROR] [net.minecraft.world.level.storage.loot.LootDataType/]: Couldn't parse element ResourceKey[minecraft:root / minecraft:loot_table]:unusualfishmod:entities/porcupine_lobsta - Failed to parse either. First: Unknown registry key in ResourceKey[minecraft:root / minecraft:loot_function_type]: minecraft:looting_enchant; Second: Not a json array: {"function":"minecraft:looting_enchant","count":{"min":0,"max":1}}
[23Aug2026 16:44:44.152] [Worker-Main-3/ERROR] [net.minecraft.world.level.storage.loot.LootDataType/]: Couldn't parse element ResourceKey[minecraft:root / minecraft:loot_table]:unusualfishmod:entities/prawn - Failed to parse either. First: Unknown registry key in ResourceKey[minecraft:root / minecraft:loot_function_type]: minecraft:looting_enchant; Second: Not a json array: {"function":"minecraft:looting_enchant","count":1,"conditions":[{"condition":"minecraft:random_chance","chance":0.5}]}
[23Aug2026 16:44:44.374] [Worker-Main-3/WARN] [net.minecraft.server.ReloadableServerRegistries/]: Found loot table element validation problem in {minecraft:loot_table:alexscaves:blocks/amber}.pools[1].condition[1]: Parameters [<parameter minecraft:attacking_entity>] are not provided in this context
[23Aug2026 16:44:44.374] [Worker-Main-3/WARN] [net.minecraft.server.ReloadableServerRegistries/]: Found loot table element validation problem in {minecraft:loot_table:alexsmobs:gameplay/seal_reward}.pools[0].entries[0]->{minecraft:gameplay/fishing/junk}.pools[0].entries[12].condition[0]: Parameters [<parameter minecraft:origin>] are not provided in this context
[23Aug2026 16:44:44.374] [Worker-Main-3/WARN] [net.minecraft.server.ReloadableServerRegistries/]: Found loot table element validation problem in {minecraft:loot_table:tf_dnv:chests/dungeon_shroom_barrel}.pools[0].entries[0]: Unknown loot table called tf_dnv:dungeon_shroom
[23Aug2026 16:44:44.763] [Worker-Main-3/INFO] [org.admany.quantified.core.neoforge.commands.QuantifiedNeoForgeCommand/]: Quantified command tree registered for NeoForge omni bootstrap
[23Aug2026 16:44:44.813] [Worker-Main-3/INFO] [com.github.alexthe666.alexsmobs.AlexsMobs/]: Adding datapack listener capsid_recipes
[23Aug2026 16:44:46.181] [Worker-Main-1/WARN] [net.neoforged.neoforge.registries.DataMapLoader/]: Found data map file for non-existent data map type 'minersdelight:cup_variant' on registry 'minecraft:item'.
[23Aug2026 16:44:46.700] [Worker-Main-1/INFO] [Faewulf's Lib/]: [Faewulf's Lib] Reloaded piggyback config file.
[23Aug2026 16:44:46.701] [Worker-Main-1/INFO] [Faewulf's Lib/]: [Faewulf's Lib] Total config reloaded: 1
[23Aug2026 16:44:47.544] [main/ERROR] [net.minecraft.world.item.crafting.RecipeManager/]: Parsing error loading recipe netherexp:warphopper_fur_paper: com.google.gson.JsonParseException: Map entry '#' : Failed to parse either. First: Not a json array: {"item":"netherexp:warphopper_fur"}; Second: No key tag in MapLike[{"item":"netherexp:warphopper_fur"}]; Unknown registry key in ResourceKey[minecraft:root / minecraft:item]: netherexp:warphopper_fur
[23Aug2026 16:44:47.555] [main/ERROR] [net.minecraft.world.item.crafting.RecipeManager/]: Parsing error loading recipe piglinproliferation:end_stone_fire_ring: com.google.gson.JsonParseException: Input does not contain a key [type]: MapLike[{}]
[23Aug2026 16:44:47.579] [main/ERROR] [net.minecraft.world.item.crafting.RecipeManager/]: Parsing error loading recipe netherexp:cooking/iron_nugget_from_iron_scrap_blasting: com.google.gson.JsonParseException: Failed to parse either. First: Not a json array: {"item":"netherexp:iron_scrap"}; Second: No key tag in MapLike[{"item":"netherexp:iron_scrap"}]; Unknown registry key in ResourceKey[minecraft:root / minecraft:item]: netherexp:iron_scrap
[23Aug2026 16:44:47.584] [main/ERROR] [net.minecraft.world.item.crafting.RecipeManager/]: Parsing error loading recipe piglinproliferation:netherrack_soul_fire_ring: com.google.gson.JsonParseException: Input does not contain a key [type]: MapLike[{}]
[23Aug2026 16:44:47.593] [main/ERROR] [net.minecraft.world.item.crafting.RecipeManager/]: Parsing error loading recipe piglinproliferation:end_stone_soul_fire_ring: com.google.gson.JsonParseException: Input does not contain a key [type]: MapLike[{}]
[23Aug2026 16:44:47.635] [main/ERROR] [net.minecraft.world.item.crafting.RecipeManager/]: Parsing error loading recipe mythrais:dark_gothic_tracery_detail_stone: com.google.gson.JsonParseException: Not a JSON object: "mythrais:dark_gothic_tracery_detail_stone"
[23Aug2026 16:44:47.645] [main/ERROR] [net.minecraft.world.item.crafting.RecipeManager/]: Parsing error loading recipe piglinproliferation:blackstone_fire_ring: com.google.gson.JsonParseException: Input does not contain a key [type]: MapLike[{}]
[23Aug2026 16:44:47.654] [main/ERROR] [net.minecraft.world.item.crafting.RecipeManager/]: Parsing error loading recipe piglinproliferation:netherrack_fire_ring: com.google.gson.JsonParseException: Input does not contain a key [type]: MapLike[{}]
[23Aug2026 16:44:47.668] [main/ERROR] [net.minecraft.world.item.crafting.RecipeManager/]: Parsing error loading recipe piglinproliferation:deepslate_soul_fire_ring: com.google.gson.JsonParseException: Input does not contain a key [type]: MapLike[{}]
[23Aug2026 16:44:47.688] [main/ERROR] [net.minecraft.world.item.crafting.RecipeManager/]: Parsing error loading recipe tf_dnv:lumber_table: com.google.gson.JsonParseException: No key id in MapLike[{"item":"tf_dnv:lumber_table","count":1}]
[23Aug2026 16:44:47.693] [main/ERROR] [net.minecraft.world.item.crafting.RecipeManager/]: Parsing error loading recipe netherexp:cooking/iron_nugget_from_iron_scrap: com.google.gson.JsonParseException: Failed to parse either. First: Not a json array: {"item":"netherexp:iron_scrap"}; Second: No key tag in MapLike[{"item":"netherexp:iron_scrap"}]; Unknown registry key in ResourceKey[minecraft:root / minecraft:item]: netherexp:iron_scrap
[23Aug2026 16:44:47.712] [main/ERROR] [net.minecraft.world.item.crafting.RecipeManager/]: Parsing error loading recipe tf_dnv:composter: com.google.gson.JsonParseException: No key id in MapLike[{"item":"tf_dnv:composter","count":1}]
[23Aug2026 16:44:47.713] [main/ERROR] [net.minecraft.world.item.crafting.RecipeManager/]: Parsing error loading recipe piglinproliferation:deepslate_fire_ring: com.google.gson.JsonParseException: Input does not contain a key [type]: MapLike[{}]
[23Aug2026 16:44:47.720] [main/ERROR] [net.minecraft.world.item.crafting.RecipeManager/]: Parsing error loading recipe tf_dnv:mycologist_table: com.google.gson.JsonParseException: No key id in MapLike[{"item":"tf_dnv:mycologist_table","count":1}]
[23Aug2026 16:44:47.727] [main/ERROR] [net.minecraft.world.item.crafting.RecipeManager/]: Parsing error loading recipe tf_dnv:mushgloom_torch: com.google.gson.JsonParseException: No key id in MapLike[{"item":"tf_dnv:mushgloom_torch","count":4}]
[23Aug2026 16:44:47.729] [main/ERROR] [net.minecraft.world.item.crafting.RecipeManager/]: Parsing error loading recipe mythrais:dark_gothic_tracery_detail_corner_stone: com.google.gson.JsonParseException: Not a JSON object: "mythrais:dark_gothic_tracery_detail_corner_stone"
[23Aug2026 16:44:47.753] [main/ERROR] [net.minecraft.world.item.crafting.RecipeManager/]: Parsing error loading recipe tf_dnv:alchemy_table: com.google.gson.JsonParseException: No key id in MapLike[{"item":"tf_dnv:alchemy_table","count":1}]
[23Aug2026 16:44:47.758] [main/ERROR] [net.minecraft.world.item.crafting.RecipeManager/]: Parsing error loading recipe piglinproliferation:stone_soul_fire_ring: com.google.gson.JsonParseException: Input does not contain a key [type]: MapLike[{}]
[23Aug2026 16:44:47.760] [main/ERROR] [net.minecraft.world.item.crafting.RecipeManager/]: Parsing error loading recipe netherexp:igneous_reeds_orange_dye: com.google.gson.JsonParseException: Failed to parse either. First: Not a json array: {"item":"netherexp:igneous_reeds"}; Second: No key tag in MapLike[{"item":"netherexp:igneous_reeds"}]; Unknown registry key in ResourceKey[minecraft:root / minecraft:item]: netherexp:igneous_reeds; No ingredients for shapeless recipe
[23Aug2026 16:44:47.780] [main/ERROR] [net.minecraft.world.item.crafting.RecipeManager/]: Parsing error loading recipe piglinproliferation:blackstone_soul_fire_ring: com.google.gson.JsonParseException: Input does not contain a key [type]: MapLike[{}]
[23Aug2026 16:44:47.800] [main/ERROR] [net.minecraft.world.item.crafting.RecipeManager/]: Parsing error loading recipe netherexp:stonecutting/from_pale_soul_slate/indented: com.google.gson.JsonParseException: Unknown registry key in ResourceKey[minecraft:root / minecraft:item]: netherexp:indented_soul_slate_tiles
[23Aug2026 16:44:47.816] [main/ERROR] [net.minecraft.world.item.crafting.RecipeManager/]: Parsing error loading recipe tf_dnv:butcher_table: com.google.gson.JsonParseException: No key id in MapLike[{"item":"tf_dnv:butcher_table","count":1}]
[23Aug2026 16:44:47.834] [main/INFO] [Sawmill/]: Processing Sawmill Recipes into Recipe Manager
[23Aug2026 16:44:47.834] [main/INFO] [Sawmill/]: Skipping Sawmill recipe generation as packs didn't change
[23Aug2026 16:44:47.843] [main/INFO] [net.minecraft.world.item.crafting.RecipeManager/]: Loaded 13462 recipes
[23Aug2026 16:44:47.868] [main/INFO] [com.teamabnormals.blueprint.core.Blueprint/]: Advancement Modification Manager has loaded 7 modifier groups
[23Aug2026 16:44:48.354] [main/ERROR] [net.minecraft.advancements.AdvancementTree/]: Couldn't load advancements: [hominid:adventure/hematoma, minecraft:wander_add_map, dungeons_arise:find_thornborn_towers, dungeons_arise:find_fishing_hut, netherexp:nether/soul_sand_valley/big_brain_time, minecraft:give_quest_trader_trade]
[23Aug2026 16:44:48.354] [main/INFO] [net.minecraft.advancements.AdvancementTree/]: Loaded 6496 advancements
[23Aug2026 16:44:48.376] [main/INFO] [Silent's Power Scale/Scaling Attribute Manager]: Reloading scaling attribute files
[23Aug2026 16:44:48.377] [main/INFO] [Silent's Power Scale/Scaling Attribute Manager]: Decoding scaling attribute "powerscale:arrow_damage" in pack "mod/powerscale"
[23Aug2026 16:44:48.378] [main/INFO] [Silent's Power Scale/Scaling Attribute Manager]: Decoding scaling attribute "powerscale:attack_damage" in pack "mod/powerscale"
[23Aug2026 16:44:48.378] [main/INFO] [Silent's Power Scale/Scaling Attribute Manager]: Decoding scaling attribute "powerscale:max_health" in pack "mod/powerscale"
[23Aug2026 16:44:48.378] [main/INFO] [Silent's Power Scale/Scaling Attribute Manager]: Decoding scaling attribute "powerscale:movement_speed" in pack "mod/powerscale"
[23Aug2026 16:44:48.380] [main/INFO] [Silent's Power Scale/Scaling Attribute Manager]: Decoded 4 scaling attributes
[23Aug2026 16:44:48.386] [main/INFO] [Curios API/]: Loaded 11 curio slots
[23Aug2026 16:44:48.389] [main/ERROR] [Curios API/]: feet is not a registered slot type!
[23Aug2026 16:44:48.390] [main/INFO] [Curios API/]: Loaded 2 curio entities
[23Aug2026 16:44:48.422] [main/INFO] [Supplementaries/]: Loaded 29 flute songs
[23Aug2026 16:44:48.440] [main/INFO] [oelib/]: Loaded config oelib:dev_features from /workspaces/mtgfresafiio/servidor_minecraft/config/oelib/dev_features.toml
[23Aug2026 16:44:48.442] [main/INFO] [oelib/]: Successfully reload 1 server config(s).
[23Aug2026 16:44:48.442] [main/INFO] [com.teamabnormals.blueprint.core.Blueprint/]: Chunk Generator Modification Manager has loaded 0 modifier groups
[23Aug2026 16:44:48.461] [main/INFO] [com.github.ysbbbbbb.kaleidoscopetavern.KaleidoscopeTavern/]: Successfully loaded drink effect data with 37 entries
[23Aug2026 16:44:48.482] [main/INFO] [Dungeon Crawl/]: Loading data...
[23Aug2026 16:44:48.722] [main/INFO] [Dungeon Crawl/]: Done.
[23Aug2026 16:44:48.755] [main/INFO] [Moonlight/]: Applied 31 data villager trades
[23Aug2026 16:44:48.759] [main/INFO] [Moonlight/]: Failed to load custom color set definition {"id":"quark:rune","colors":{"default":"quark:blank_rune"},"replace":false}. Ignoring
[23Aug2026 16:44:48.760] [main/INFO] [Moonlight/]: Failed to load custom color set definition {"id":"quark:shard","colors":{"default":"quark:clear_shard"},"replace":false}. Ignoring
[23Aug2026 16:44:48.771] [main/WARN] [net.minecraft.core.MappedRegistry/]: Not all defined tags for registry ResourceKey[minecraft:root / minecraft:worldgen/biome] are present in data pack: netherexp:soul_has_feature/ecto_soul_sand
[23Aug2026 16:44:48.804] [main/WARN] [net.minecraft.core.MappedRegistry/]: Not all defined tags for registry ResourceKey[minecraft:root / minecraft:block] are present in data pack: forge:air_tag, netherexp:fossil_ore_convertible
[23Aug2026 16:44:49.049] [main/ERROR] [net.neoforged.neoforge.registries.DataMapLoader/]: Object with ID modid:example specified in data map for registry minecraft:dimension doesn't exist
[23Aug2026 16:44:49.121] [main/INFO] [Supplementaries/]: Registering custom dispenser behaviors
[23Aug2026 16:44:49.161] [main/WARN] [ModernFix/]: Initial datapack load took 10.75 s
[23Aug2026 16:44:49.167] [main/INFO] [com.github.alexmodguy.alexscaves.AlexsCaves/]: [AC] WorldGenOptionsMixin: Set world seed -6774115651735892534 in ACWorldSeedHolder (thread: main)
[23Aug2026 16:44:49.255] [Server thread/INFO] [net.minecraft.server.dedicated.DedicatedServer/]: Starting minecraft server version 1.21.1
[23Aug2026 16:44:49.256] [Server thread/INFO] [net.minecraft.server.dedicated.DedicatedServer/]: Loading properties
[23Aug2026 16:44:49.256] [Server thread/INFO] [net.minecraft.server.dedicated.DedicatedServer/]: Default game type: SURVIVAL
[23Aug2026 16:44:49.256] [Server thread/INFO] [net.minecraft.server.MinecraftServer/]: Generating keypair
[23Aug2026 16:44:49.345] [Server thread/INFO] [net.minecraft.server.dedicated.DedicatedServer/]: Starting Minecraft server on *:25565
[23Aug2026 16:44:49.394] [Server thread/INFO] [net.minecraft.server.network.ServerConnectionListener/]: Using epoll channel type
[23Aug2026 16:44:49.433] [Server thread/WARN] [net.minecraft.server.dedicated.DedicatedServer/]: **** SERVER IS RUNNING IN OFFLINE/INSECURE MODE!
[23Aug2026 16:44:49.434] [Server thread/WARN] [net.minecraft.server.dedicated.DedicatedServer/]: The server will make no attempt to authenticate usernames. Beware.
[23Aug2026 16:44:49.434] [Server thread/WARN] [net.minecraft.server.dedicated.DedicatedServer/]: While this makes the game possible to play without internet access, it also opens up the ability for hackers to connect with any username they choose.
[23Aug2026 16:44:49.434] [Server thread/WARN] [net.minecraft.server.dedicated.DedicatedServer/]: To change this, set "online-mode" to "true" in the server.properties file.
[23Aug2026 16:44:49.497] [Server thread/INFO] [Puzzles Lib/]: Dispatching loading event for config easyanvils-server.toml
[23Aug2026 16:44:49.499] [Server thread/WARN] [net.neoforged.fml.config.ConfigTracker/CONFIG]: Configuration file /workspaces/mtgfresafiio/servidor_minecraft/config/powerscale-server.toml is not correct. Correcting
[23Aug2026 16:44:49.506] [Server thread/INFO] [Silent's Power Scale/]: Config loading :)
[23Aug2026 16:44:49.606] [Server thread/INFO] [Puzzles Lib/]: Dispatching loading event for config easymagic-server.toml
[23Aug2026 16:44:49.744] [Server thread/WARN] [net.neoforged.neoforge.server.ServerLifecycleHooks/]: Detected alexsmobs:stradpole that was registered with WATER_AMBIENT mob category but was added under WATER_CREATURE mob category for minecraft:basalt_deltas biome! Mobs should be added to biomes under the same mob category that the mob was registered as to prevent mob cap spawning issues.
[23Aug2026 16:44:49.753] [Server thread/WARN] [net.neoforged.neoforge.server.ServerLifecycleHooks/]: Detected alexsmobs:skreecher that was registered with CREATURE mob category but was added under MONSTER mob category for deeperdarker:blooming_caverns biome! Mobs should be added to biomes under the same mob category that the mob was registered as to prevent mob cap spawning issues.
[23Aug2026 16:44:49.803] [Server thread/WARN] [net.neoforged.neoforge.server.ServerLifecycleHooks/]: Detected alexsmobs:skreecher that was registered with CREATURE mob category but was added under MONSTER mob category for deeperdarker:deeplands biome! Mobs should be added to biomes under the same mob category that the mob was registered as to prevent mob cap spawning issues.
[23Aug2026 16:44:49.815] [Server thread/WARN] [net.neoforged.neoforge.server.ServerLifecycleHooks/]: Detected alexsmobs:skreecher that was registered with CREATURE mob category but was added under MONSTER mob category for deeperdarker:echoing_forest biome! Mobs should be added to biomes under the same mob category that the mob was registered as to prevent mob cap spawning issues.
[23Aug2026 16:44:49.873] [Server thread/WARN] [net.neoforged.neoforge.server.ServerLifecycleHooks/]: Detected yungscavebiomes:sand_snapper that was registered with MONSTER mob category but was added under AMBIENT mob category for yungscavebiomes:lost_caves biome! Mobs should be added to biomes under the same mob category that the mob was registered as to prevent mob cap spawning issues.
[23Aug2026 16:44:49.985] [Server thread/WARN] [net.neoforged.neoforge.server.ServerLifecycleHooks/]: Detected minecraft:glow_squid that was registered with UNDERGROUND_WATER_CREATURE mob category but was added under MONSTER mob category for spelunkers_charm:spider_cave biome! Mobs should be added to biomes under the same mob category that the mob was registered as to prevent mob cap spawning issues.
[23Aug2026 16:44:50.009] [Server thread/WARN] [net.neoforged.neoforge.server.ServerLifecycleHooks/]: Detected alexsmobs:stradpole that was registered with WATER_AMBIENT mob category but was added under WATER_CREATURE mob category for incendium:volcanic_deltas biome! Mobs should be added to biomes under the same mob category that the mob was registered as to prevent mob cap spawning issues.
[23Aug2026 16:44:50.026] [Server thread/WARN] [net.neoforged.neoforge.server.ServerLifecycleHooks/]: Detected alexsmobs:stradpole that was registered with WATER_AMBIENT mob category but was added under WATER_CREATURE mob category for incendium:withered_forest biome! Mobs should be added to biomes under the same mob category that the mob was registered as to prevent mob cap spawning issues.
[23Aug2026 16:44:50.047] [Server thread/INFO] [Sawmill/]: Injecting Carpenter Village Houses
[23Aug2026 16:44:50.126] [Server thread/INFO] [spark/]: Starting background profiler...
[23Aug2026 16:44:51.052] [Server thread/INFO] [me.kall.duplicationless.data.EntityTracker/]: Duplicationless Entity Tracker has initialized successfully.
[23Aug2026 16:44:51.055] [Server thread/INFO] [Framework/]: Loading server configs...
[23Aug2026 16:44:51.224] [Server thread/INFO] [terrablender/]: Initialized TerraBlender biomes for level stem minecraft:overworld
[23Aug2026 16:44:51.225] [Server thread/INFO] [ElysiumAPI/]: MosaicBiomeSource successfully patched surface rules from Terrablender for dimension: 'minecraft:the_nether'
[23Aug2026 16:44:51.226] [Server thread/INFO] [citadel/]: [Citadel] SurfaceRuleInitializer: Starting initialization...
[23Aug2026 16:44:51.227] [Server thread/INFO] [citadel/]: [Citadel] OVERWORLD rules registered: true
[23Aug2026 16:44:51.227] [Server thread/INFO] [citadel/]: [Citadel] Processing dimension: minecraft:the_end
[23Aug2026 16:44:51.227] [Server thread/INFO] [citadel/]: Initialized Citadel surface rules for dimension: minecraft:the_end (category: OVERWORLD)
[23Aug2026 16:44:51.227] [Server thread/INFO] [citadel/]: [Citadel] Processing dimension: minecraft:overworld
[23Aug2026 16:44:51.228] [Server thread/INFO] [citadel/]: Initialized Citadel surface rules for dimension: minecraft:overworld (category: OVERWORLD)
[23Aug2026 16:44:51.228] [Server thread/INFO] [citadel/]: [Citadel] Processing dimension: aether:the_aether
[23Aug2026 16:44:51.228] [Server thread/INFO] [citadel/]: Initialized Citadel surface rules for dimension: aether:the_aether (category: OVERWORLD)
[23Aug2026 16:44:51.228] [Server thread/INFO] [citadel/]: [Citadel] Processing dimension: twilightforest:twilight_forest
[23Aug2026 16:44:51.228] [Server thread/INFO] [citadel/]: Initialized Citadel surface rules for dimension: twilightforest:twilight_forest (category: OVERWORLD)
[23Aug2026 16:44:51.228] [Server thread/INFO] [citadel/]: [Citadel] Processing dimension: minecraft:the_nether
[23Aug2026 16:44:51.229] [Server thread/INFO] [citadel/]: [Citadel] Processing dimension: the_bumblezone:the_bumblezone
[23Aug2026 16:44:51.229] [Server thread/INFO] [citadel/]: Initialized Citadel surface rules for dimension: the_bumblezone:the_bumblezone (category: OVERWORLD)
[23Aug2026 16:44:51.229] [Server thread/INFO] [citadel/]: [Citadel] Processing dimension: deeperdarker:otherside
[23Aug2026 16:44:51.229] [Server thread/INFO] [citadel/]: Initialized Citadel surface rules for dimension: deeperdarker:otherside (category: OVERWORLD)
[23Aug2026 16:44:51.229] [Server thread/INFO] [citadel/]: [Citadel] SurfaceRuleInitializer: Initialization complete.
[23Aug2026 16:44:51.229] [Server thread/INFO] [com.github.alexmodguy.alexscaves.AlexsCaves/]: [AC] onServerAboutToStart event fired!
[23Aug2026 16:44:51.230] [Server thread/INFO] [com.github.alexmodguy.alexscaves.AlexsCaves/]: [AC] Setting world seed -6774115651735892534 on biome sources during server start
[23Aug2026 16:44:51.232] [Server thread/INFO] [com.github.alexmodguy.alexscaves.AlexsCaves/]: [AC] LevelStems count: 7
[23Aug2026 16:44:51.232] [Server thread/INFO] [com.github.alexmodguy.alexscaves.AlexsCaves/]: [AC] Found BiomeSourceAccessor for dimension: minecraft:the_end
[23Aug2026 16:44:51.232] [Server thread/INFO] [com.github.alexmodguy.alexscaves.AlexsCaves/]: [AC] Set seed on biome source for dimension: minecraft:the_end
[23Aug2026 16:44:51.232] [Server thread/INFO] [com.github.alexmodguy.alexscaves.AlexsCaves/]: [AC] Found BiomeSourceAccessor for dimension: minecraft:overworld
[23Aug2026 16:44:51.233] [Server thread/INFO] [com.github.alexmodguy.alexscaves.AlexsCaves/]: [AC] Set seed on biome source for dimension: minecraft:overworld
[23Aug2026 16:44:51.233] [Server thread/INFO] [com.github.alexmodguy.alexscaves.AlexsCaves/]: [AC] Adding biome to expansion: alexscaves:magnetic_caves
[23Aug2026 16:44:51.233] [Server thread/INFO] [com.github.alexmodguy.alexscaves.AlexsCaves/]: [AC] Adding biome to expansion: alexscaves:primordial_caves
[23Aug2026 16:44:51.233] [Server thread/INFO] [com.github.alexmodguy.alexscaves.AlexsCaves/]: [AC] Adding biome to expansion: alexscaves:toxic_caves
[23Aug2026 16:44:51.233] [Server thread/INFO] [com.github.alexmodguy.alexscaves.AlexsCaves/]: [AC] Adding biome to expansion: alexscaves:abyssal_chasm
[23Aug2026 16:44:51.233] [Server thread/INFO] [com.github.alexmodguy.alexscaves.AlexsCaves/]: [AC] Adding biome to expansion: alexscaves:forlorn_hollows
[23Aug2026 16:44:51.233] [Server thread/INFO] [com.github.alexmodguy.alexscaves.AlexsCaves/]: [AC] Adding biome to expansion: alexscaves:candy_cavity
[23Aug2026 16:44:51.234] [Server thread/INFO] [com.github.alexmodguy.alexscaves.AlexsCaves/]: [AC] About to expand biome source with 6 AC biomes
[23Aug2026 16:44:51.234] [Server thread/INFO] [com.github.alexmodguy.alexscaves.AlexsCaves/]: [AC] Expanded biome source with 6 Alex's Caves biomes
[23Aug2026 16:44:51.235] [Server thread/INFO] [com.github.alexmodguy.alexscaves.AlexsCaves/]: [AC] Found BiomeSourceAccessor for dimension: aether:the_aether
[23Aug2026 16:44:51.235] [Server thread/INFO] [com.github.alexmodguy.alexscaves.AlexsCaves/]: [AC] Set seed on biome source for dimension: aether:the_aether
[23Aug2026 16:44:51.235] [Server thread/INFO] [com.github.alexmodguy.alexscaves.AlexsCaves/]: [AC] Found BiomeSourceAccessor for dimension: twilightforest:twilight_forest
[23Aug2026 16:44:51.235] [Server thread/INFO] [com.github.alexmodguy.alexscaves.AlexsCaves/]: [AC] Found BiomeSourceAccessor for dimension: minecraft:the_nether
[23Aug2026 16:44:51.235] [Server thread/INFO] [com.github.alexmodguy.alexscaves.AlexsCaves/]: [AC] Found BiomeSourceAccessor for dimension: the_bumblezone:the_bumblezone
[23Aug2026 16:44:51.235] [Server thread/INFO] [com.github.alexmodguy.alexscaves.AlexsCaves/]: [AC] Found BiomeSourceAccessor for dimension: deeperdarker:otherside
[23Aug2026 16:44:51.235] [Server thread/INFO] [com.github.alexmodguy.alexscaves.AlexsCaves/]: [AC] Set seed on biome source for dimension: deeperdarker:otherside
[23Aug2026 16:44:51.247] [Server thread/INFO] [ElysiumAPI/]: MosaicBiomeSource successfully initialized for dimension: 'minecraft:the_nether'
[23Aug2026 16:44:51.249] [Server thread/INFO] [net.minecraft.server.dedicated.DedicatedServer/]: Preparing level "world"
[23Aug2026 16:44:51.320] [Server thread/WARN] [CheckedThreadLocalRandom/]: Not enforcing safe world random access
[23Aug2026 16:44:51.646] [Server thread/INFO] [STDOUT/]: [ca.spottedleaf.starlight.common.thread.GlobalExecutors:<clinit>:20]: [ScalableLux] Lighting scaling is enabled in externally managed mode
[23Aug2026 16:44:51.695] [Server thread/INFO] [TheSpeedyObjectFactory/]: Using TheSpeedyObjectFactory with Unsafe
[23Aug2026 16:44:58.183] [Server thread/INFO] [biolith/]: Ignoring world 'aether:the_aether'; unknown dimension type: aether:the_aether
[23Aug2026 16:44:58.212] [Server thread/INFO] [biolith/]: Ignoring world 'twilightforest:twilight_forest'; unknown dimension type: twilightforest:twilight_forest_type
[23Aug2026 16:44:58.751] [Server thread/INFO] [biolith/]: Ignoring world 'the_bumblezone:the_bumblezone'; unknown dimension type: the_bumblezone:the_bumblezone
[23Aug2026 16:44:58.759] [Server thread/INFO] [biolith/]: Ignoring world 'deeperdarker:otherside'; unknown dimension type: deeperdarker:otherside
[23Aug2026 16:44:58.767] [Server thread/INFO] [Ksyxis/MinecraftServerMixin/MOD_KSYXIS]: Ksyxis: Speeding up the world loading... Delete the mod, if it got stuck after this message. (net.minecraft.server.dedicated.DedicatedServer prepareLevels)
[23Aug2026 16:44:58.767] [Server thread/INFO] [net.minecraft.server.MinecraftServer/]: Preparing start region for dimension minecraft:overworld
[23Aug2026 16:44:58.878] [Server thread/INFO] [net.minecraft.server.level.progress.LoggerChunkProgressListener/]: Time elapsed: 110 ms
[23Aug2026 16:44:58.878] [Server thread/INFO] [net.minecraft.server.dedicated.DedicatedServer/]: Done (9.425s)! For help, type "help"
[23Aug2026 16:45:00.271] [Server thread/INFO] [net.neoforged.neoforge.server.permission.PermissionAPI/]: Successfully initialized permission handler neoforge:default_handler
[23Aug2026 16:45:00.292] [Server thread/INFO] [net.luckystudios.luckyswardrobe.LuckysWardrobe/]: HELLO from server starting
[23Aug2026 16:45:00.296] [Server thread/INFO] [com.yablon.furnitury.FurnituryMod/]: HELLO from server starting
[23Aug2026 16:45:00.409] [Server thread/INFO] [org.admany.quantified.core.common.gpu.backend.VulkanProbeScheduler/]: Triggering Vulkan probe due to: server-start
[23Aug2026 16:45:00.410] [Server thread/INFO] [org.admany.quantified.core.common.gpu.backend.VulkanProbeScheduler/]: Scheduling Vulkan probe attempt #3 (server-start) in 0 ms
[23Aug2026 16:45:00.413] [Quantified-Vulkan-Probe-Scheduler/INFO] [org.admany.quantified.core.common.gpu.backend.VulkanProbeScheduler/]: Running Vulkan probe attempt #3 (server-start)
[23Aug2026 16:45:00.415] [Quantified-Vulkan-Probe-Scheduler/INFO] [org.admany.quantified.core.common.gpu.backend.VulkanRuntime/]: [Vulkan][Probe 2] Reprobe requested on thread 'Quantified-Vulkan-Probe-Scheduler' (group=main')
[23Aug2026 16:45:00.415] [Quantified-Vulkan-Probe-Scheduler/INFO] [org.admany.quantified.core.common.gpu.backend.VulkanRuntime/]: [Vulkan][Probe 2] Probe start on thread 'Quantified-Vulkan-Probe-Scheduler' LWJGL-stack=64 MiB
[23Aug2026 16:45:00.415] [Quantified-Vulkan-Probe-Scheduler/INFO] [org.admany.quantified.core.common.gpu.backend.VulkanRuntime/]: [Vulkan][Probe 2] Environment: os=Linux 6.8.0-1052-azure, arch=amd64, java=21.0.10, vendor=Ubuntu, lwjgl.stack.bytes=67108864, quantified.lwjgl.stackSizeBytes=67108864, quantified.lwjgl.stackSizeKb=65536, quantified.gpuThreadStackBytes=<unset>, quantified.gpuThreadStackKb=<unset>, quantified.probeThreadStackBytes=<unset>, quantified.probeThreadStackKb=<unset>, org.lwjgl.system.stackSizeKb=65536
[23Aug2026 16:45:00.415] [Quantified-Vulkan-Probe-Scheduler/INFO] [org.admany.quantified.core.common.gpu.backend.VulkanRuntime/]: [Vulkan][Probe 2] Loader env: VK_ICD_FILENAMES=<unset>, VK_DRIVER_FILES=<unset>, VK_LAYER_PATH=<unset>, VK_INSTANCE_LAYERS=<unset>, VK_LOADER_DEBUG=<unset>, VK_LOADER_LAYERS_DISABLE=<unset>
[23Aug2026 16:45:00.524] [Server thread/WARN] [biolith/]: More than one Overworld dimension world created; cowardly ignoring 'minecraft:server_faucet_test_level' in favor of 'minecraft:overworld'
[23Aug2026 16:45:00.772] [Quantified-Vulkan-Probe-Scheduler/INFO] [org.admany.quantified.core.common.gpu.backend.VulkanRuntime/]: [Vulkan][Probe 2] Launching isolated Vulkan probe: /usr/lib/jvm/java-21-openjdk-amd64/bin/java -Xms16m -Xmx256m -XX:MaxDirectMemorySize=128m -Xss16m -Dorg.lwjgl.system.stackSize=16384 -Dquantified.lwjgl.stackSizeKb=16384 -Dquantified.lwjgl.stackSizeBytes=16777216 -Dorg.lwjgl.system.SharedLibraryExtractPath=/workspaces/mtgfresafiio/servidor_minecraft/config/QuantifiedAPI/cache/tools/vulkanProbe/natives -Dorg.lwjgl.librarypath=/workspaces/mtgfresafiio/servidor_minecraft/config/QuantifiedAPI/cache/tools/vulkanProbe/natives -cp /workspaces/mtgfresafiio/servidor_minecraft/config/QuantifiedAPI/cache/tools/vulkanProbe/quantified-vulkan-probe.jar:/workspaces/mtgfresafiio/servidor_minecraft/config/QuantifiedAPI/cache/tools/vulkanProbe/lib/lwjgl-3.3.3-natives-linux-arm64.jar:/workspaces/mtgfresafiio/servidor_minecraft/config/QuantifiedAPI/cache/tools/vulkanProbe/lib/lwjgl-3.3.3-natives-linux.jar:/workspaces/mtgfresafiio/servidor_minecraft/config/QuantifiedAPI/cache/tools/vulkanProbe/lib/lwjgl-3.3.3-natives-windows.jar:/workspaces/mtgfresafiio/servidor_minecraft/config/QuantifiedAPI/cache/tools/vulkanProbe/lib/lwjgl-3.3.3.jar:/workspaces/mtgfresafiio/servidor_minecraft/config/QuantifiedAPI/cache/tools/vulkanProbe/lib/lwjgl-vulkan-3.3.3.jar org.admany.quantified.vulkan.probe.VulkanProbeEntrypoint [VK_LOADER_LAYERS_DISABLE=~implicit~, VK_LOADER_DEBUG=error]
[23Aug2026 16:45:00.857] [C2ME Storage #24/INFO] [C2ME Storage/]: Storage thread Thread[#132,C2ME Storage #24,5,SERVER] stopped
[23Aug2026 16:45:00.867] [C2ME Storage #23/INFO] [C2ME Storage/]: Storage thread Thread[#131,C2ME Storage #23,5,SERVER] stopped
[23Aug2026 16:45:00.869] [C2ME Storage #22/INFO] [C2ME Storage/]: Storage thread Thread[#130,C2ME Storage #22,5,SERVER] stopped
[23Aug2026 16:45:00.886] [Quantified-Vulkan-Probe-Stdout/INFO] [org.admany.quantified.core.common.gpu.backend.VulkanRuntime/]: [Vulkan][Probe 2] [Subprocess] [probe] [heartbeat] startup
[23Aug2026 16:45:00.886] [Quantified-Vulkan-Probe-Stdout/INFO] [org.admany.quantified.core.common.gpu.backend.VulkanRuntime/]: [Vulkan][Probe 2] [Subprocess] [probe] [heartbeat] pre-librarypath-config
[23Aug2026 16:45:00.922] [Quantified-Vulkan-Probe-Stdout/INFO] [org.admany.quantified.core.common.gpu.backend.VulkanRuntime/]: [Vulkan][Probe 2] [Subprocess] [probe] java=21.0.10, vendor=Ubuntu, os=Linux 6.8.0-1052-azure, arch=amd64
[23Aug2026 16:45:00.933] [Quantified-Vulkan-Probe-Stdout/INFO] [org.admany.quantified.core.common.gpu.backend.VulkanRuntime/]: [Vulkan][Probe 2] [Subprocess] [probe] org.lwjgl.system.stackSizeKb=16384, quantified.lwjgl.stackSizeBytes=16777216
[23Aug2026 16:45:00.938] [Quantified-Vulkan-Probe-Stdout/INFO] [org.admany.quantified.core.common.gpu.backend.VulkanRuntime/]: [Vulkan][Probe 2] [Subprocess] [probe] java.library.path=/tmp/_MEI6vIPml:/usr/java/packages/lib:/usr/lib/x86_64-linux-gnu/jni:/lib/x86_64-linux-gnu:/usr/lib/x86_64-linux-gnu:/usr/lib/jni:/lib:/usr/lib
[23Aug2026 16:45:00.938] [Quantified-Vulkan-Probe-Stdout/INFO] [org.admany.quantified.core.common.gpu.backend.VulkanRuntime/]: [Vulkan][Probe 2] [Subprocess] [probe] org.lwjgl.librarypath=/workspaces/mtgfresafiio/servidor_minecraft/config/QuantifiedAPI/cache/tools/vulkanProbe/natives
[23Aug2026 16:45:00.938] [Quantified-Vulkan-Probe-Stdout/INFO] [org.admany.quantified.core.common.gpu.backend.VulkanRuntime/]: [Vulkan][Probe 2] [Subprocess] [probe] org.lwjgl.system.SharedLibraryExtractPath(original)=/workspaces/mtgfresafiio/servidor_minecraft/config/QuantifiedAPI/cache/tools/vulkanProbe/natives
[23Aug2026 16:45:00.938] [Quantified-Vulkan-Probe-Stdout/INFO] [org.admany.quantified.core.common.gpu.backend.VulkanRuntime/]: [Vulkan][Probe 2] [Subprocess] [probe] org.lwjgl.system.SharedLibraryExtractPath(effective)=/workspaces/mtgfresafiio/servidor_minecraft/config/QuantifiedAPI/cache/tools/vulkanProbe/natives
[23Aug2026 16:45:00.939] [Quantified-Vulkan-Probe-Stdout/INFO] [org.admany.quantified.core.common.gpu.backend.VulkanRuntime/]: [Vulkan][Probe 2] [Subprocess] [probe] [heartbeat] post-librarypath-config
[23Aug2026 16:45:00.954] [Quantified-Vulkan-Probe-Stdout/INFO] [org.admany.quantified.core.common.gpu.backend.VulkanRuntime/]: [Vulkan][Probe 2] [Subprocess] [probe] [heartbeat] pre-VK-init
[23Aug2026 16:45:01.245] [Quantified-Vulkan-Probe-Stdout/INFO] [org.admany.quantified.core.common.gpu.backend.VulkanRuntime/]: [Vulkan][Probe 2] [Subprocess] [LWJGL] Failed to load a library. Possible solutions:
[23Aug2026 16:45:01.246] [Quantified-Vulkan-Probe-Stdout/INFO] [org.admany.quantified.core.common.gpu.backend.VulkanRuntime/]: [Vulkan][Probe 2] [Subprocess] 	a) Install the library or the driver that provides the library.
[23Aug2026 16:45:01.247] [Quantified-Vulkan-Probe-Stdout/INFO] [org.admany.quantified.core.common.gpu.backend.VulkanRuntime/]: [Vulkan][Probe 2] [Subprocess] 	b) Ensure that the library is accessible from the system library paths.
[23Aug2026 16:45:01.248] [Quantified-Vulkan-Probe-Stdout/INFO] [org.admany.quantified.core.common.gpu.backend.VulkanRuntime/]: [Vulkan][Probe 2] [Subprocess] [LWJGL] Enable debug mode with -Dorg.lwjgl.util.Debug=true for better diagnostics.
[23Aug2026 16:45:01.252] [Quantified-Vulkan-Probe-Stdout/INFO] [org.admany.quantified.core.common.gpu.backend.VulkanRuntime/]: [Vulkan][Probe 2] [Subprocess] [LWJGL] Enable the SharedLibraryLoader debug mode with -Dorg.lwjgl.util.DebugLoader=true for better diagnostics.
[23Aug2026 16:45:01.254] [Quantified-Vulkan-Probe-Stdout/INFO] [org.admany.quantified.core.common.gpu.backend.VulkanRuntime/]: [Vulkan][Probe 2] [Subprocess] [probe] VK bootstrap failure: java.lang.UnsatisfiedLinkError: Failed to locate library: libvulkan.so.1
[23Aug2026 16:45:01.254] [Quantified-Vulkan-Probe-Stdout/INFO] [org.admany.quantified.core.common.gpu.backend.VulkanRuntime/]: [Vulkan][Probe 2] [Subprocess] java.lang.UnsatisfiedLinkError: Failed to locate library: libvulkan.so.1
[23Aug2026 16:45:01.254] [Quantified-Vulkan-Probe-Stdout/INFO] [org.admany.quantified.core.common.gpu.backend.VulkanRuntime/]: [Vulkan][Probe 2] [Subprocess] 	at org.lwjgl.system.Library.loadNative(Library.java:346)
[23Aug2026 16:45:01.254] [Quantified-Vulkan-Probe-Stdout/INFO] [org.admany.quantified.core.common.gpu.backend.VulkanRuntime/]: [Vulkan][Probe 2] [Subprocess] 	at org.lwjgl.system.Library.loadNative(Library.java:236)
[23Aug2026 16:45:01.258] [Quantified-Vulkan-Probe-Stdout/INFO] [org.admany.quantified.core.common.gpu.backend.VulkanRuntime/]: [Vulkan][Probe 2] [Subprocess] 	at org.lwjgl.system.Library.loadNative(Library.java:217)
[23Aug2026 16:45:01.258] [Quantified-Vulkan-Probe-Stdout/INFO] [org.admany.quantified.core.common.gpu.backend.VulkanRuntime/]: [Vulkan][Probe 2] [Subprocess] 	at org.lwjgl.system.Library.loadNative(Library.java:431)
[23Aug2026 16:45:01.258] [Quantified-Vulkan-Probe-Stdout/INFO] [org.admany.quantified.core.common.gpu.backend.VulkanRuntime/]: [Vulkan][Probe 2] [Subprocess] 	at org.lwjgl.system.Library.loadNative(Library.java:402)
[23Aug2026 16:45:01.259] [Quantified-Vulkan-Probe-Stdout/INFO] [org.admany.quantified.core.common.gpu.backend.VulkanRuntime/]: [Vulkan][Probe 2] [Subprocess] 	at org.lwjgl.vulkan.VK.create(VK.java:52)
[23Aug2026 16:45:01.259] [Quantified-Vulkan-Probe-Stdout/INFO] [org.admany.quantified.core.common.gpu.backend.VulkanRuntime/]: [Vulkan][Probe 2] [Subprocess] 	at org.lwjgl.vulkan.VK.<clinit>(VK.java:37)
[23Aug2026 16:45:01.259] [Quantified-Vulkan-Probe-Stdout/INFO] [org.admany.quantified.core.common.gpu.backend.VulkanRuntime/]: [Vulkan][Probe 2] [Subprocess] 	at java.base/java.lang.Class.forName0(Native Method)
[23Aug2026 16:45:01.259] [Quantified-Vulkan-Probe-Stdout/INFO] [org.admany.quantified.core.common.gpu.backend.VulkanRuntime/]: [Vulkan][Probe 2] [Subprocess] 	at java.base/java.lang.Class.forName(Class.java:423)
[23Aug2026 16:45:01.259] [Quantified-Vulkan-Probe-Stdout/INFO] [org.admany.quantified.core.common.gpu.backend.VulkanRuntime/]: [Vulkan][Probe 2] [Subprocess] 	at java.base/java.lang.Class.forName(Class.java:414)
[23Aug2026 16:45:01.259] [Quantified-Vulkan-Probe-Stdout/INFO] [org.admany.quantified.core.common.gpu.backend.VulkanRuntime/]: [Vulkan][Probe 2] [Subprocess] 	at org.admany.quantified.vulkan.probe.VulkanProbeEntrypoint.bootstrapVulkanBinding(VulkanProbeEntrypoint.java:89)
[23Aug2026 16:45:01.259] [Quantified-Vulkan-Probe-Stdout/INFO] [org.admany.quantified.core.common.gpu.backend.VulkanRuntime/]: [Vulkan][Probe 2] [Subprocess] 	at org.admany.quantified.vulkan.probe.VulkanProbeEntrypoint.main(VulkanProbeEntrypoint.java:69)
[23Aug2026 16:45:01.260] [Quantified-Vulkan-Probe-Stdout/INFO] [org.admany.quantified.core.common.gpu.backend.VulkanRuntime/]: [Vulkan][Probe 2] [Subprocess] [probe] [heartbeat] post-VK-init-failed
[23Aug2026 16:45:01.260] [Quantified-Vulkan-Probe-Stdout/INFO] [org.admany.quantified.core.common.gpu.backend.VulkanRuntime/]: [Vulkan][Probe 2] [Subprocess] [probe] [heartbeat] done
[23Aug2026 16:45:01.261] [Quantified-Vulkan-Probe-Stdout/INFO] [org.admany.quantified.core.common.gpu.backend.VulkanRuntime/]: [Vulkan][Probe 2] [Subprocess] {"ok":false,"code":"vk_class_init_failed","maxApiVersion":0,"selectedApiVersion":0,"devices":[],"failure":"UnsatisfiedLinkError: Failed to locate library: libvulkan.so.1"}
[23Aug2026 16:45:01.293] [Quantified-Vulkan-Probe-Scheduler/WARN] [org.admany.quantified.core.common.gpu.backend.VulkanRuntime/]: [Vulkan][Probe 2] UnsatisfiedLinkError: Failed to locate library: libvulkan.so.1
[23Aug2026 16:45:01.294] [Quantified-Vulkan-Probe-Scheduler/WARN] [org.admany.quantified.core.common.gpu.backend.VulkanProbeScheduler/]: Vulkan probe attempts exhausted; giving up after 3 tries
[23Aug2026 16:45:05.450] [Server thread/WARN] [biolith/]: More than one Overworld dimension world created; cowardly ignoring 'minecraft:server_projectile_test_level' in favor of 'minecraft:overworld'
[23Aug2026 16:45:05.453] [Server thread/INFO] [com.finderfeed.fdlib.FDLib/]: Loading FD configs...
[23Aug2026 16:45:05.453] [Server thread/INFO] [com.finderfeed.fdlib.FDLib/]: Loading config fdlib:test
[23Aug2026 16:45:05.454] [Server thread/INFO] [com.finderfeed.fdlib.FDLib/]: Loading config fdlib:fdlib_client
[23Aug2026 16:45:05.456] [Server thread/INFO] [com.finderfeed.fdlib.FDLib/]: Loading config raidsenhanced:raidsenhanced
[23Aug2026 16:45:05.457] [Server thread/INFO] [com.finderfeed.fdlib.FDLib/]: Loaded FD configs.
[23Aug2026 16:45:05.493] [Server thread/INFO] [com.cupboard.Cupboard/]: Loaded config for: smoothchunk.json
[23Aug2026 16:45:05.494] [Server thread/INFO] [com.cupboard.Cupboard/]: Loaded config for: limitedchunks.json
[23Aug2026 16:45:05.513] [Server thread/WARN] [voicechat/]: [voicechat] Running in offline mode - Voice chat encryption is not secure!
[23Aug2026 16:45:05.549] [Server thread/WARN] [ModernFix/]: Dedicated server took 68.278 seconds to load
[23Aug2026 16:45:05.553] [VoiceChatServerThread/INFO] [voicechat/]: [voicechat] Voice chat server started at port 24454
[23Aug2026 16:45:10.510] [Server thread/WARN] [C2ME HookCompatibility/]: Certain optimizations may be disabled because ChunkDataEvent.Save is used by: [@SubscribeEvent: class dev.architectury.event.forge.EventHandlerImplCommon eventChunkDataEvent(Lnet/neoforged/neoforge/event/level/ChunkDataEvent$Save;)V]
[23Aug2026 16:45:30.990] [Quantified-Vulkan-Probe-Scheduler/INFO] [org.admany.quantified.core.common.gpu.backend.VulkanProbeScheduler/]: Running Vulkan probe attempt #2 (retry:unavailable)
[23Aug2026 16:45:30.991] [Quantified-Vulkan-Probe-Scheduler/INFO] [org.admany.quantified.core.common.gpu.backend.VulkanRuntime/]: [Vulkan][Probe 3] Reprobe requested on thread 'Quantified-Vulkan-Probe-Scheduler' (group=main')
[23Aug2026 16:45:30.991] [Quantified-Vulkan-Probe-Scheduler/INFO] [org.admany.quantified.core.common.gpu.backend.VulkanRuntime/]: [Vulkan][Probe 3] Probe start on thread 'Quantified-Vulkan-Probe-Scheduler' LWJGL-stack=64 MiB
[23Aug2026 16:45:30.991] [Quantified-Vulkan-Probe-Scheduler/INFO] [org.admany.quantified.core.common.gpu.backend.VulkanRuntime/]: [Vulkan][Probe 3] Environment: os=Linux 6.8.0-1052-azure, arch=amd64, java=21.0.10, vendor=Ubuntu, lwjgl.stack.bytes=67108864, quantified.lwjgl.stackSizeBytes=67108864, quantified.lwjgl.stackSizeKb=65536, quantified.gpuThreadStackBytes=<unset>, quantified.gpuThreadStackKb=<unset>, quantified.probeThreadStackBytes=<unset>, quantified.probeThreadStackKb=<unset>, org.lwjgl.system.stackSizeKb=65536
[23Aug2026 16:45:30.991] [Quantified-Vulkan-Probe-Scheduler/INFO] [org.admany.quantified.core.common.gpu.backend.VulkanRuntime/]: [Vulkan][Probe 3] Loader env: VK_ICD_FILENAMES=<unset>, VK_DRIVER_FILES=<unset>, VK_LAYER_PATH=<unset>, VK_INSTANCE_LAYERS=<unset>, VK_LOADER_DEBUG=<unset>, VK_LOADER_LAYERS_DISABLE=<unset>
[23Aug2026 16:45:31.150] [Quantified-Vulkan-Probe-Scheduler/INFO] [org.admany.quantified.core.common.gpu.backend.VulkanRuntime/]: [Vulkan][Probe 3] Launching isolated Vulkan probe: /usr/lib/jvm/java-21-openjdk-amd64/bin/java -Xms16m -Xmx256m -XX:MaxDirectMemorySize=128m -Xss16m -Dorg.lwjgl.system.stackSize=16384 -Dquantified.lwjgl.stackSizeKb=16384 -Dquantified.lwjgl.stackSizeBytes=16777216 -Dorg.lwjgl.system.SharedLibraryExtractPath=/workspaces/mtgfresafiio/servidor_minecraft/config/QuantifiedAPI/cache/tools/vulkanProbe/natives -Dorg.lwjgl.librarypath=/workspaces/mtgfresafiio/servidor_minecraft/config/QuantifiedAPI/cache/tools/vulkanProbe/natives -cp /workspaces/mtgfresafiio/servidor_minecraft/config/QuantifiedAPI/cache/tools/vulkanProbe/quantified-vulkan-probe.jar:/workspaces/mtgfresafiio/servidor_minecraft/config/QuantifiedAPI/cache/tools/vulkanProbe/lib/lwjgl-3.3.3-natives-linux-arm64.jar:/workspaces/mtgfresafiio/servidor_minecraft/config/QuantifiedAPI/cache/tools/vulkanProbe/lib/lwjgl-3.3.3-natives-linux.jar:/workspaces/mtgfresafiio/servidor_minecraft/config/QuantifiedAPI/cache/tools/vulkanProbe/lib/lwjgl-3.3.3-natives-windows.jar:/workspaces/mtgfresafiio/servidor_minecraft/config/QuantifiedAPI/cache/tools/vulkanProbe/lib/lwjgl-3.3.3.jar:/workspaces/mtgfresafiio/servidor_minecraft/config/QuantifiedAPI/cache/tools/vulkanProbe/lib/lwjgl-vulkan-3.3.3.jar org.admany.quantified.vulkan.probe.VulkanProbeEntrypoint [VK_LOADER_LAYERS_DISABLE=~implicit~, VK_LOADER_DEBUG=error]
[23Aug2026 16:45:31.213] [Quantified-Vulkan-Probe-Stdout/INFO] [org.admany.quantified.core.common.gpu.backend.VulkanRuntime/]: [Vulkan][Probe 3] [Subprocess] [probe] [heartbeat] startup
[23Aug2026 16:45:31.214] [Quantified-Vulkan-Probe-Stdout/INFO] [org.admany.quantified.core.common.gpu.backend.VulkanRuntime/]: [Vulkan][Probe 3] [Subprocess] [probe] [heartbeat] pre-librarypath-config
[23Aug2026 16:45:31.234] [Quantified-Vulkan-Probe-Stdout/INFO] [org.admany.quantified.core.common.gpu.backend.VulkanRuntime/]: [Vulkan][Probe 3] [Subprocess] [probe] java=21.0.10, vendor=Ubuntu, os=Linux 6.8.0-1052-azure, arch=amd64
[23Aug2026 16:45:31.238] [Quantified-Vulkan-Probe-Stdout/INFO] [org.admany.quantified.core.common.gpu.backend.VulkanRuntime/]: [Vulkan][Probe 3] [Subprocess] [probe] org.lwjgl.system.stackSizeKb=16384, quantified.lwjgl.stackSizeBytes=16777216
[23Aug2026 16:45:31.238] [Quantified-Vulkan-Probe-Stdout/INFO] [org.admany.quantified.core.common.gpu.backend.VulkanRuntime/]: [Vulkan][Probe 3] [Subprocess] [probe] java.library.path=/tmp/_MEI6vIPml:/usr/java/packages/lib:/usr/lib/x86_64-linux-gnu/jni:/lib/x86_64-linux-gnu:/usr/lib/x86_64-linux-gnu:/usr/lib/jni:/lib:/usr/lib
[23Aug2026 16:45:31.239] [Quantified-Vulkan-Probe-Stdout/INFO] [org.admany.quantified.core.common.gpu.backend.VulkanRuntime/]: [Vulkan][Probe 3] [Subprocess] [probe] org.lwjgl.librarypath=/workspaces/mtgfresafiio/servidor_minecraft/config/QuantifiedAPI/cache/tools/vulkanProbe/natives
[23Aug2026 16:45:31.239] [Quantified-Vulkan-Probe-Stdout/INFO] [org.admany.quantified.core.common.gpu.backend.VulkanRuntime/]: [Vulkan][Probe 3] [Subprocess] [probe] org.lwjgl.system.SharedLibraryExtractPath(original)=/workspaces/mtgfresafiio/servidor_minecraft/config/QuantifiedAPI/cache/tools/vulkanProbe/natives
[23Aug2026 16:45:31.239] [Quantified-Vulkan-Probe-Stdout/INFO] [org.admany.quantified.core.common.gpu.backend.VulkanRuntime/]: [Vulkan][Probe 3] [Subprocess] [probe] org.lwjgl.system.SharedLibraryExtractPath(effective)=/workspaces/mtgfresafiio/servidor_minecraft/config/QuantifiedAPI/cache/tools/vulkanProbe/natives
[23Aug2026 16:45:31.239] [Quantified-Vulkan-Probe-Stdout/INFO] [org.admany.quantified.core.common.gpu.backend.VulkanRuntime/]: [Vulkan][Probe 3] [Subprocess] [probe] [heartbeat] post-librarypath-config
[23Aug2026 16:45:31.248] [Quantified-Vulkan-Probe-Stdout/INFO] [org.admany.quantified.core.common.gpu.backend.VulkanRuntime/]: [Vulkan][Probe 3] [Subprocess] [probe] [heartbeat] pre-VK-init
[23Aug2026 16:45:31.382] [Quantified-Vulkan-Probe-Stdout/INFO] [org.admany.quantified.core.common.gpu.backend.VulkanRuntime/]: [Vulkan][Probe 3] [Subprocess] [LWJGL] Failed to load a library. Possible solutions:
[23Aug2026 16:45:31.382] [Quantified-Vulkan-Probe-Stdout/INFO] [org.admany.quantified.core.common.gpu.backend.VulkanRuntime/]: [Vulkan][Probe 3] [Subprocess] 	a) Install the library or the driver that provides the library.
[23Aug2026 16:45:31.382] [Quantified-Vulkan-Probe-Stdout/INFO] [org.admany.quantified.core.common.gpu.backend.VulkanRuntime/]: [Vulkan][Probe 3] [Subprocess] 	b) Ensure that the library is accessible from the system library paths.
[23Aug2026 16:45:31.382] [Quantified-Vulkan-Probe-Stdout/INFO] [org.admany.quantified.core.common.gpu.backend.VulkanRuntime/]: [Vulkan][Probe 3] [Subprocess] [LWJGL] Enable debug mode with -Dorg.lwjgl.util.Debug=true for better diagnostics.
[23Aug2026 16:45:31.382] [Quantified-Vulkan-Probe-Stdout/INFO] [org.admany.quantified.core.common.gpu.backend.VulkanRuntime/]: [Vulkan][Probe 3] [Subprocess] [LWJGL] Enable the SharedLibraryLoader debug mode with -Dorg.lwjgl.util.DebugLoader=true for better diagnostics.
[23Aug2026 16:45:31.383] [Quantified-Vulkan-Probe-Stdout/INFO] [org.admany.quantified.core.common.gpu.backend.VulkanRuntime/]: [Vulkan][Probe 3] [Subprocess] [probe] VK bootstrap failure: java.lang.UnsatisfiedLinkError: Failed to locate library: libvulkan.so.1
[23Aug2026 16:45:31.383] [Quantified-Vulkan-Probe-Stdout/INFO] [org.admany.quantified.core.common.gpu.backend.VulkanRuntime/]: [Vulkan][Probe 3] [Subprocess] java.lang.UnsatisfiedLinkError: Failed to locate library: libvulkan.so.1
[23Aug2026 16:45:31.383] [Quantified-Vulkan-Probe-Stdout/INFO] [org.admany.quantified.core.common.gpu.backend.VulkanRuntime/]: [Vulkan][Probe 3] [Subprocess] 	at org.lwjgl.system.Library.loadNative(Library.java:346)
[23Aug2026 16:45:31.383] [Quantified-Vulkan-Probe-Stdout/INFO] [org.admany.quantified.core.common.gpu.backend.VulkanRuntime/]: [Vulkan][Probe 3] [Subprocess] 	at org.lwjgl.system.Library.loadNative(Library.java:236)
[23Aug2026 16:45:31.383] [Quantified-Vulkan-Probe-Stdout/INFO] [org.admany.quantified.core.common.gpu.backend.VulkanRuntime/]: [Vulkan][Probe 3] [Subprocess] 	at org.lwjgl.system.Library.loadNative(Library.java:217)
[23Aug2026 16:45:31.383] [Quantified-Vulkan-Probe-Stdout/INFO] [org.admany.quantified.core.common.gpu.backend.VulkanRuntime/]: [Vulkan][Probe 3] [Subprocess] 	at org.lwjgl.system.Library.loadNative(Library.java:431)
[23Aug2026 16:45:31.383] [Quantified-Vulkan-Probe-Stdout/INFO] [org.admany.quantified.core.common.gpu.backend.VulkanRuntime/]: [Vulkan][Probe 3] [Subprocess] 	at org.lwjgl.system.Library.loadNative(Library.java:402)
[23Aug2026 16:45:31.383] [Quantified-Vulkan-Probe-Stdout/INFO] [org.admany.quantified.core.common.gpu.backend.VulkanRuntime/]: [Vulkan][Probe 3] [Subprocess] 	at org.lwjgl.vulkan.VK.create(VK.java:52)
[23Aug2026 16:45:31.383] [Quantified-Vulkan-Probe-Stdout/INFO] [org.admany.quantified.core.common.gpu.backend.VulkanRuntime/]: [Vulkan][Probe 3] [Subprocess] 	at org.lwjgl.vulkan.VK.<clinit>(VK.java:37)
[23Aug2026 16:45:31.383] [Quantified-Vulkan-Probe-Stdout/INFO] [org.admany.quantified.core.common.gpu.backend.VulkanRuntime/]: [Vulkan][Probe 3] [Subprocess] 	at java.base/java.lang.Class.forName0(Native Method)
[23Aug2026 16:45:31.383] [Quantified-Vulkan-Probe-Stdout/INFO] [org.admany.quantified.core.common.gpu.backend.VulkanRuntime/]: [Vulkan][Probe 3] [Subprocess] 	at java.base/java.lang.Class.forName(Class.java:423)
[23Aug2026 16:45:31.383] [Quantified-Vulkan-Probe-Stdout/INFO] [org.admany.quantified.core.common.gpu.backend.VulkanRuntime/]: [Vulkan][Probe 3] [Subprocess] 	at java.base/java.lang.Class.forName(Class.java:414)
[23Aug2026 16:45:31.383] [Quantified-Vulkan-Probe-Stdout/INFO] [org.admany.quantified.core.common.gpu.backend.VulkanRuntime/]: [Vulkan][Probe 3] [Subprocess] 	at org.admany.quantified.vulkan.probe.VulkanProbeEntrypoint.bootstrapVulkanBinding(VulkanProbeEntrypoint.java:89)
[23Aug2026 16:45:31.384] [Quantified-Vulkan-Probe-Stdout/INFO] [org.admany.quantified.core.common.gpu.backend.VulkanRuntime/]: [Vulkan][Probe 3] [Subprocess] 	at org.admany.quantified.vulkan.probe.VulkanProbeEntrypoint.main(VulkanProbeEntrypoint.java:69)
[23Aug2026 16:45:31.384] [Quantified-Vulkan-Probe-Stdout/INFO] [org.admany.quantified.core.common.gpu.backend.VulkanRuntime/]: [Vulkan][Probe 3] [Subprocess] [probe] [heartbeat] post-VK-init-failed
[23Aug2026 16:45:31.384] [Quantified-Vulkan-Probe-Stdout/INFO] [org.admany.quantified.core.common.gpu.backend.VulkanRuntime/]: [Vulkan][Probe 3] [Subprocess] [probe] [heartbeat] done
[23Aug2026 16:45:31.384] [Quantified-Vulkan-Probe-Stdout/INFO] [org.admany.quantified.core.common.gpu.backend.VulkanRuntime/]: [Vulkan][Probe 3] [Subprocess] {"ok":false,"code":"vk_class_init_failed","maxApiVersion":0,"selectedApiVersion":0,"devices":[],"failure":"UnsatisfiedLinkError: Failed to locate library: libvulkan.so.1"}
[23Aug2026 16:45:31.394] [Quantified-Vulkan-Probe-Scheduler/WARN] [org.admany.quantified.core.common.gpu.backend.VulkanRuntime/]: [Vulkan][Probe 3] UnsatisfiedLinkError: Failed to locate library: libvulkan.so.1
[23Aug2026 16:45:31.395] [Quantified-Vulkan-Probe-Scheduler/WARN] [org.admany.quantified.core.common.gpu.backend.VulkanProbeScheduler/]: Vulkan probe attempts exhausted; giving up after 3 tries
[23Aug2026 16:45:41.482] [spark-worker-pool-1-thread-1/INFO] [net.minecraft.server.MinecraftServer/]: [⚡] TPS from last 5s, 10s, 1m, 5m, 15m:
[23Aug2026 16:45:41.484] [spark-worker-pool-1-thread-1/INFO] [net.minecraft.server.MinecraftServer/]: [⚡]  20.0, *20.0, *20.0, *20.0, *20.0
[23Aug2026 16:45:41.484] [spark-worker-pool-1-thread-1/INFO] [net.minecraft.server.MinecraftServer/]: [⚡] 
[23Aug2026 16:45:41.484] [spark-worker-pool-1-thread-1/INFO] [net.minecraft.server.MinecraftServer/]: [⚡] Tick durations (min/med/95%ile/max ms) from last 10s, 1m:
[23Aug2026 16:45:41.490] [spark-worker-pool-1-thread-1/INFO] [net.minecraft.server.MinecraftServer/]: [⚡]  0.5/0.6/1.0/8.8;  0.5/0.8/6.1/227.9
[23Aug2026 16:45:41.491] [spark-worker-pool-1-thread-1/INFO] [net.minecraft.server.MinecraftServer/]: [⚡] 
[23Aug2026 16:45:41.491] [spark-worker-pool-1-thread-1/INFO] [net.minecraft.server.MinecraftServer/]: [⚡] CPU usage from last 10s, 1m, 15m:
[23Aug2026 16:45:41.492] [spark-worker-pool-1-thread-1/INFO] [net.minecraft.server.MinecraftServer/]: [⚡]  4%, 35%, 35%  (system)
[23Aug2026 16:45:41.492] [spark-worker-pool-1-thread-1/INFO] [net.minecraft.server.MinecraftServer/]: [⚡]  1%, 32%, 32%  (process)
[23Aug2026 16:47:46.507] [spark-worker-pool-1-thread-3/INFO] [net.minecraft.server.MinecraftServer/]: [⚡] Stopping the background profiler before starting... please wait
[23Aug2026 16:47:46.510] [spark-worker-pool-1-thread-3/INFO] [net.minecraft.server.MinecraftServer/]: [⚡] Starting a new profiler, please wait...
[23Aug2026 16:47:46.513] [spark-worker-pool-1-thread-3/INFO] [net.minecraft.server.MinecraftServer/]: [⚡] Profiler is now running! (async)
[23Aug2026 16:47:46.513] [spark-worker-pool-1-thread-3/INFO] [net.minecraft.server.MinecraftServer/]: [⚡] It will run in the background until it is stopped by an admin.
[23Aug2026 16:47:46.513] [spark-worker-pool-1-thread-3/INFO] [net.minecraft.server.MinecraftServer/]: [⚡] To stop the profiler and upload the results, run:
[23Aug2026 16:47:46.516] [spark-worker-pool-1-thread-3/INFO] [net.minecraft.server.MinecraftServer/]: [⚡]   /spark profiler stop
[23Aug2026 16:47:46.516] [spark-worker-pool-1-thread-3/INFO] [net.minecraft.server.MinecraftServer/]: [⚡] To view the profiler while it's running, run:
[23Aug2026 16:47:46.517] [spark-worker-pool-1-thread-3/INFO] [net.minecraft.server.MinecraftServer/]: [⚡]   /spark profiler open
[23Aug2026 16:55:05.556] [Server thread/INFO] [AllTheLeaks/]: Listing events...
[23Aug2026 16:55:05.556] [Server thread/INFO] [AllTheLeaks/]: Listing memory leaks so far...
[23Aug2026 16:55:05.557] [Server thread/INFO] [AllTheLeaks/]: Waiting to stabilize [0/10]
[23Aug2026 16:55:05.557] [Server thread/INFO] [AllTheLeaks/]: Memory Leaks detected: (/atl force_refresh to update)
[23Aug2026 16:55:05.557] [Server thread/INFO] [AllTheLeaks/]: | ChunkAccess:
[23Aug2026 16:55:05.557] [Server thread/INFO] [AllTheLeaks/]: |- LevelChunk (minecraft): 9
[23Aug2026 17:00:08.712] [spark-worker-pool-1-thread-2/INFO] [net.minecraft.server.MinecraftServer/]: [⚡] Stopping the profiler & uploading results, please wait...
[23Aug2026 17:00:09.599] [Attach Listener/INFO] [STDERR/]: [sun.instrument.InstrumentationImpl:<init>:125]: WARNING: A Java agent has been loaded dynamically (/tmp/byteBuddyAgent9298092716002151715.jar)
WARNING: If a serviceability tool is in use, please run with -XX:+EnableDynamicAgentLoading to hide this warning
WARNING: If a serviceability tool is not in use, please run with -Djdk.instrument.traceUsage for more information
WARNING: Dynamic loading of agents will be disallowed by default in a future release
[23Aug2026 17:00:09.620] [spark-worker-pool-1-thread-2/INFO] [spark/]: If you see a warning above that says "WARNING: A Java agent has been loaded dynamically", it can be safely ignored.
[23Aug2026 17:00:09.620] [spark-worker-pool-1-thread-2/INFO] [spark/]: See here for more information: https://spark.lucko.me/docs/misc/Java-agent-warning
[23Aug2026 17:00:10.205] [spark-worker-pool-1-thread-2/INFO] [net.minecraft.server.MinecraftServer/]: [⚡] Profiler stopped & upload complete!
[23Aug2026 17:00:10.206] [spark-worker-pool-1-thread-2/INFO] [net.minecraft.server.MinecraftServer/]: https://spark.lucko.me/xfq50Pinqr
[23Aug2026 17:00:10.210] [spark-worker-pool-1-thread-2/INFO] [net.minecraft.server.MinecraftServer/]: [⚡] Restarted the background profiler. (If you don't want this to happen, run: /spark profiler cancel)
[23Aug2026 17:05:05.605] [Server thread/INFO] [AllTheLeaks/]: Listing events...
[23Aug2026 17:05:05.606] [Server thread/INFO] [AllTheLeaks/]: Listing memory leaks so far...
[23Aug2026 17:05:05.606] [Server thread/INFO] [AllTheLeaks/]: Waiting to stabilize [1/10]
[23Aug2026 17:05:05.606] [Server thread/INFO] [AllTheLeaks/]: Memory Leaks detected: (/atl force_refresh to update)
[23Aug2026 17:05:05.606] [Server thread/INFO] [AllTheLeaks/]: | ChunkAccess:
[23Aug2026 17:05:05.606] [Server thread/INFO] [AllTheLeaks/]: |- LevelChunk (minecraft): 9
[23Aug2026 17:15:05.655] [Server thread/INFO] [AllTheLeaks/]: Listing events...
[23Aug2026 17:15:05.655] [Server thread/INFO] [AllTheLeaks/]: Listing memory leaks so far...
[23Aug2026 17:15:05.655] [Server thread/INFO] [AllTheLeaks/]: Waiting to stabilize [0/10]
[23Aug2026 17:15:05.655] [Server thread/INFO] [AllTheLeaks/]: Memory Leaks detected: (/atl force_refresh to update)
[23Aug2026 17:15:05.656] [Server thread/INFO] [AllTheLeaks/]: | ChunkAccess:
[23Aug2026 17:15:05.656] [Server thread/INFO] [AllTheLeaks/]: |- LevelChunk (minecraft): 9
[23Aug2026 17:16:25.056] [spark-worker-pool-1-thread-3/INFO] [net.minecraft.server.MinecraftServer/]: [⚡] TPS from last 5s, 10s, 1m, 5m, 15m:
[23Aug2026 17:16:25.057] [spark-worker-pool-1-thread-3/INFO] [net.minecraft.server.MinecraftServer/]: [⚡]  *20.0, *20.0, *20.0, *20.0, *20.0
[23Aug2026 17:16:25.058] [spark-worker-pool-1-thread-3/INFO] [net.minecraft.server.MinecraftServer/]: [⚡] 
[23Aug2026 17:16:25.058] [spark-worker-pool-1-thread-3/INFO] [net.minecraft.server.MinecraftServer/]: [⚡] Tick durations (min/med/95%ile/max ms) from last 10s, 1m:
[23Aug2026 17:16:25.061] [spark-worker-pool-1-thread-3/INFO] [net.minecraft.server.MinecraftServer/]: [⚡]  0.2/0.3/0.4/1.2;  0.2/0.3/0.4/1.8
[23Aug2026 17:16:25.061] [spark-worker-pool-1-thread-3/INFO] [net.minecraft.server.MinecraftServer/]: [⚡] 
[23Aug2026 17:16:25.062] [spark-worker-pool-1-thread-3/INFO] [net.minecraft.server.MinecraftServer/]: [⚡] CPU usage from last 10s, 1m, 15m:
[23Aug2026 17:16:25.062] [spark-worker-pool-1-thread-3/INFO] [net.minecraft.server.MinecraftServer/]: [⚡]  7%, 5%, 7%  (system)
[23Aug2026 17:16:25.062] [spark-worker-pool-1-thread-3/INFO] [net.minecraft.server.MinecraftServer/]: [⚡]  0%, 1%, 0%  (process)
[23Aug2026 17:24:59.483] [Server thread/INFO] [net.minecraft.server.players.PlayerList/]: VenaticWinner67[/100.99.110.10:50001] logged in with entity id 897 at (147.61785681170616, 73.0, -46.74706554420889)
[23Aug2026 17:25:00.540] [Server thread/INFO] [net.minecraft.server.MinecraftServer/]: VenaticWinner67 joined the game
[23Aug2026 17:25:01.268] [Server thread/WARN] [net.minecraft.server.MinecraftServer/]: Can't keep up! Is the server overloaded? Running 2063ms or 41 ticks behind
[23Aug2026 17:25:03.971] [Server thread/INFO] [voicechat/]: [voicechat] Received secret request of VenaticWinner67 (20)
[23Aug2026 17:25:03.977] [Server thread/INFO] [voicechat/]: [voicechat] Sent secret to VenaticWinner67
[23Aug2026 17:25:07.786] [VoiceChatPacketProcessingThread/INFO] [voicechat/]: [voicechat] Successfully authenticated player 27624550-5762-38db-a0a7-5ccd77095ef1
[23Aug2026 17:25:08.787] [VoiceChatPacketProcessingThread/INFO] [voicechat/]: [voicechat] Successfully validated connection of player 27624550-5762-38db-a0a7-5ccd77095ef1
[23Aug2026 17:25:08.794] [VoiceChatPacketProcessingThread/INFO] [voicechat/]: [voicechat] Player VenaticWinner67 (27624550-5762-38db-a0a7-5ccd77095ef1) successfully connected to voice chat
[23Aug2026 17:25:11.516] [Server thread/INFO] [AllTheLeaks/]: Listing events...
[23Aug2026 17:25:11.517] [Server thread/INFO] [AllTheLeaks/]: Listing memory leaks so far...
[23Aug2026 17:25:11.517] [Server thread/INFO] [AllTheLeaks/]: Waiting to stabilize [0/10]
[23Aug2026 17:25:11.518] [Server thread/INFO] [AllTheLeaks/]: Memory Leaks detected: (/atl force_refresh to update)
[23Aug2026 17:25:11.518] [Server thread/INFO] [AllTheLeaks/]: | ChunkAccess:
[23Aug2026 17:25:11.518] [Server thread/INFO] [AllTheLeaks/]: |- LevelChunk (minecraft): 9
[23Aug2026 17:27:18.165] [Server thread/INFO] [net.minecraft.server.MinecraftServer/]: VenaticWinner67 has made the advancement [Explore Asflors]
[23Aug2026 17:29:43.128] [spark-worker-pool-1-thread-2/INFO] [net.minecraft.server.MinecraftServer/]: [⚡] Starting a new profiler, please wait...
[23Aug2026 17:29:43.132] [spark-worker-pool-1-thread-2/INFO] [net.minecraft.server.MinecraftServer/]: [⚡] Profiler is now running! (async)
[23Aug2026 17:29:43.132] [spark-worker-pool-1-thread-2/INFO] [net.minecraft.server.MinecraftServer/]: [⚡] It will run in the background until it is stopped by an admin.
[23Aug2026 17:29:43.133] [spark-worker-pool-1-thread-2/INFO] [net.minecraft.server.MinecraftServer/]: [⚡] To stop the profiler and upload the results, run:
[23Aug2026 17:29:43.134] [spark-worker-pool-1-thread-2/INFO] [net.minecraft.server.MinecraftServer/]: [⚡]   /spark profiler stop
[23Aug2026 17:29:43.135] [spark-worker-pool-1-thread-2/INFO] [net.minecraft.server.MinecraftServer/]: [⚡] To view the profiler while it's running, run:
[23Aug2026 17:29:43.135] [spark-worker-pool-1-thread-2/INFO] [net.minecraft.server.MinecraftServer/]: [⚡]   /spark profiler open
[23Aug2026 17:30:52.016] [Server thread/WARN] [net.minecraft.server.level.ServerLevel/]: Tried to add entity minecraft:zombie but it was marked as removed already
[23Aug2026 17:30:53.761] [Server thread/WARN] [net.minecraft.server.level.ServerLevel/]: Tried to add entity minecraft:zombie but it was marked as removed already
[23Aug2026 17:30:54.347] [Server thread/INFO] [net.minecraft.server.MinecraftServer/]: VenaticWinner67 has made the advancement [Alex's Mobs]
[23Aug2026 17:31:41.058] [Server thread/INFO] [net.minecraft.server.MinecraftServer/]: VenaticWinner67 has made the advancement [Barrel Booty]
[23Aug2026 17:31:41.061] [Server thread/ERROR] [noobanidus.mods.lootr.common.api.LootrAPI/]: Unable to fill loot container in minecraft:overworld at BlockPos{x=69, y=67, z=14} as the loot table 'yggdrasil:asflors/chest/misc/food' couldn't be resolved! Please search the loot table in `latest.log` to see if there are errors in loading.
[23Aug2026 17:31:44.692] [Server thread/INFO] [net.minecraft.server.MinecraftServer/]: VenaticWinner67 has made the advancement ['X' Marks the Spot]
[23Aug2026 17:32:06.711] [Server thread/WARN] [net.minecraft.server.level.ServerLevel/]: Tried to add entity minecraft:zombie but it was marked as removed already
[23Aug2026 17:32:21.070] [Server thread/WARN] [net.minecraft.server.level.ServerLevel/]: Tried to add entity minecraft:zombie but it was marked as removed already
[23Aug2026 17:32:32.165] [Server thread/INFO] [net.minecraft.server.MinecraftServer/]: VenaticWinner67 has made the advancement [Explore Alfheim]
[23Aug2026 17:32:33.638] [Server thread/WARN] [net.minecraft.server.level.ServerLevel/]: Tried to add entity minecraft:zombie but it was marked as removed already
[23Aug2026 17:32:34.067] [Server thread/WARN] [net.minecraft.server.level.ServerLevel/]: Tried to add entity minecraft:zombie but it was marked as removed already
[23Aug2026 17:32:35.731] [c2me-worker-1/WARN] [biolith/]: Feature order cycle found, involved sources: [Reference{ResourceKey[minecraft:worldgen/biome / alexscaves:toxic_caves]=net.minecraft.world.level.biome.Biome@586eaac8}, Reference{ResourceKey[minecraft:worldgen/biome / alexscaves:forlorn_hollows]=net.minecraft.world.level.biome.Biome@6de70a6e}]
[23Aug2026 17:32:35.732] [c2me-worker-1/WARN] [biolith/]: Vanilla feature indexer failed; retrying with Biolith's resilient feature indexer...
[23Aug2026 17:32:37.155] [c2me-worker-1/INFO] [biolith/]: Dropping cycle-forming edge in biome alexscaves:forlorn_hollows: alexscaves:forlorn_hollows_brown_mushroom -> spelunkers_charm:deepslate_lava_geyser
[23Aug2026 17:32:45.964] [Server thread/WARN] [net.minecraft.server.level.ServerLevel/]: Tried to add entity minecraft:zombie but it was marked as removed already
[23Aug2026 17:32:45.966] [Server thread/WARN] [net.minecraft.server.level.ServerLevel/]: Tried to add entity minecraft:zombie but it was marked as removed already
[23Aug2026 17:32:48.563] [Server thread/WARN] [net.minecraft.server.level.ServerLevel/]: Tried to add entity minecraft:zombie but it was marked as removed already
[23Aug2026 17:32:49.013] [Server thread/WARN] [net.minecraft.server.level.ServerLevel/]: Tried to add entity minecraft:zombie but it was marked as removed already
[23Aug2026 17:32:51.764] [Server thread/WARN] [net.minecraft.server.level.ServerLevel/]: Tried to add entity minecraft:zombie but it was marked as removed already
[23Aug2026 17:32:53.062] [Server thread/WARN] [net.minecraft.server.level.ServerLevel/]: Tried to add entity minecraft:zombie but it was marked as removed already
[23Aug2026 17:32:57.319] [Server thread/WARN] [net.minecraft.server.level.ServerLevel/]: Tried to add entity minecraft:zombie but it was marked as removed already
[23Aug2026 17:32:57.611] [Server thread/WARN] [net.minecraft.server.level.ServerLevel/]: Tried to add entity minecraft:zombie but it was marked as removed already
[23Aug2026 17:33:07.464] [Server thread/WARN] [net.minecraft.server.level.ServerLevel/]: Tried to add entity minecraft:zombie but it was marked as removed already
[23Aug2026 17:33:07.466] [Server thread/WARN] [net.minecraft.server.level.ServerLevel/]: Tried to add entity minecraft:zombie but it was marked as removed already
[23Aug2026 17:33:07.468] [Server thread/WARN] [net.minecraft.server.level.ServerLevel/]: Tried to add entity minecraft:zombie but it was marked as removed already
[23Aug2026 17:33:08.777] [c2me-worker-1/WARN] [net.minecraft.world.entity.ai.attributes.AttributeMap/]: Ignoring unknown attribute 'forge:step_height_addition'
[23Aug2026 17:33:17.410] [Server thread/WARN] [net.minecraft.server.level.ServerLevel/]: Tried to add entity minecraft:zombie but it was marked as removed already
[23Aug2026 17:33:24.112] [Server thread/WARN] [net.minecraft.server.level.ServerLevel/]: Tried to add entity minecraft:zombie but it was marked as removed already
[23Aug2026 17:34:39.160] [Server thread/WARN] [net.minecraft.server.level.ServerLevel/]: Tried to add entity minecraft:zombie but it was marked as removed already
[23Aug2026 17:34:41.259] [Server thread/WARN] [net.minecraft.server.level.ServerLevel/]: Tried to add entity minecraft:zombie but it was marked as removed already
[23Aug2026 17:35:03.517] [Server thread/INFO] [net.minecraft.server.network.ServerGamePacketListenerImpl/]: VenaticWinner67 lost connection: Disconnected
[23Aug2026 17:35:03.517] [Server thread/INFO] [net.minecraft.server.MinecraftServer/]: VenaticWinner67 left the game
[23Aug2026 17:35:03.532] [Server thread/INFO] [voicechat/]: [voicechat] Disconnecting client VenaticWinner67
[23Aug2026 17:35:07.805] [Server thread/INFO] [AllTheLeaks/]: Listing events...
[23Aug2026 17:35:07.805] [Server thread/INFO] [AllTheLeaks/]: Server Player Logout: 1
[23Aug2026 17:35:07.805] [Server thread/INFO] [AllTheLeaks/]: Listing memory leaks so far...
[23Aug2026 17:35:07.806] [Server thread/INFO] [AllTheLeaks/]: Waiting to stabilize [0/10]
[23Aug2026 17:35:07.806] [Server thread/INFO] [AllTheLeaks/]: Memory Leaks detected: (/atl force_refresh to update)
[23Aug2026 17:35:07.806] [Server thread/INFO] [AllTheLeaks/]: | Player:
[23Aug2026 17:35:07.806] [Server thread/INFO] [AllTheLeaks/]: |- ServerPlayer (minecraft): 1
[23Aug2026 17:35:07.806] [Server thread/INFO] [AllTheLeaks/]: | ChunkAccess:
[23Aug2026 17:35:07.806] [Server thread/INFO] [AllTheLeaks/]: |- LevelChunk (minecraft): 1126
